ID_Candidato,ID_Colaborador,Fonte_Aquisicao,Custo_Externo_BRL,Horas_Internas_Lideranca,Data_Abertura_Vaga,Data_Inscricao,Data_Triagem,Data_Teste_Tecnico,Data_Entrevista,Data_Proposta,Data_Admissao
CAND-00001,EMP-0001,Gupy,0.0,5,2022-06-29,2022-07-08,2022-07-13,2022-07-23,2022-07-27,2022-07-29,2024-01-15
CAND-00002,EMP-0002,LinkedIn,0.0,3,2023-08-23,2023-08-31,2023-09-04,2023-09-08,2023-09-13,2023-09-16,2022-07-24
CAND-00003,EMP-0003,Site Corporativo,0.0,6,2023-02-23,2023-03-02,2023-03-05,2023-03-09,2023-03-12,2023-03-15,2022-04-26
CAND-00004,EMP-0004,Gupy,474.67,3,2023-02-26,2023-03-11,2023-03-15,2023-03-22,2023-03-29,2023-04-02,2023-01-07
CAND-00005,EMP-0005,Indicação Interna,0.0,6,2023-07-18,2023-07-20,2023-07-24,2023-07-28,2023-08-01,2023-08-04,2022-12-07
CAND-00006,EMP-0006,Gupy,0.0,4,2022-11-28,2022-12-01,2022-12-05,2022-12-08,2022-12-15,2022-12-20,2022-11-15
CAND-00007,EMP-0007,Gupy,0.0,5,2023-04-19,2023-04-27,2023-04-28,2023-05-04,2023-05-10,2023-05-13,2022-08-21
CAND-00008,EMP-0008,Indicação Interna,1679.87,6,2023-09-30,2023-10-14,2023-10-18,2023-10-28,2023-10-30,2023-11-01,2022-07-14
CAND-00009,EMP-0009,Agência,4898.29,5,2022-10-01,2022-10-11,2022-10-13,2022-10-20,2022-10-25,2022-10-29,2024-02-22
CAND-00010,EMP-0010,Agência,6223.37,5,2022-05-05,2022-05-07,2022-05-12,2022-05-18,2022-05-25,2022-05-27,2023-10-11
CAND-00011,EMP-0011,LinkedIn,737.86,2,2022-11-15,2022-11-25,2022-11-26,2022-12-05,2022-12-07,2022-12-09,2022-06-29
CAND-00012,EMP-0012,LinkedIn,0.0,6,2022-04-27,2022-05-06,2022-05-07,2022-05-12,2022-05-17,2022-05-20,2023-11-26
CAND-00013,EMP-0013,Agência,0.0,2,2023-06-06,2023-06-19,2023-06-22,2023-07-01,2023-07-06,2023-07-10,2023-06-07
CAND-00014,EMP-0014,Site Corporativo,135.09,4,2022-09-07,2022-09-16,2022-09-21,2022-09-26,2022-10-01,2022-10-03,2022-05-03
CAND-00015,EMP-0015,Gupy,0.0,3,2023-09-06,2023-09-16,2023-09-18,2023-09-22,2023-09-26,2023-09-30,2022-05-01
CAND-00016,EMP-0016,Site Corporativo,171.54,4,2022-12-15,2022-12-29,2023-01-03,2023-01-10,2023-01-12,2023-01-15,2022-07-05
CAND-00017,EMP-0017,Gupy,0.0,3,2024-01-14,2024-01-20,2024-01-25,2024-02-04,2024-02-07,2024-02-11,2022-11-10
CAND-00018,EMP-0018,Agência,0.0,3,2023-07-06,2023-07-15,2023-07-18,2023-07-26,2023-08-01,2023-08-06,2022-11-25
CAND-00019,EMP-0019,LinkedIn,667.52,5,2023-01-22,2023-01-31,2023-02-03,2023-02-09,2023-02-16,2023-02-18,2023-08-31
CAND-00020,EMP-0020,LinkedIn,958.69,3,2023-08-09,2023-08-17,2023-08-19,2023-08-28,2023-08-30,2023-09-02,2023-12-08
CAND-00021,EMP-0021,Site Corporativo,155.11,5,2023-04-30,2023-05-13,2023-05-17,2023-05-26,2023-06-02,2023-06-04,2022-04-28
CAND-00022,EMP-0022,LinkedIn,710.03,2,2023-05-23,2023-05-25,2023-05-27,2023-06-04,2023-06-06,2023-06-10,2023-10-27
CAND-00023,EMP-0023,Agência,0.0,4,2022-04-13,2022-04-23,2022-04-27,2022-04-30,2022-05-07,2022-05-09,2022-10-21
CAND-00024,EMP-0024,Site Corporativo,0.0,2,2023-02-24,2023-03-11,2023-03-13,2023-03-17,2023-03-22,2023-03-25,2024-01-26
CAND-00025,EMP-0025,Gupy,0.0,5,2022-12-13,2022-12-24,2022-12-28,2023-01-01,2023-01-05,2023-01-10,2023-10-11
CAND-00026,EMP-0026,LinkedIn,0.0,6,2023-01-25,2023-02-01,2023-02-05,2023-02-08,2023-02-14,2023-02-15,2023-06-04
CAND-00027,EMP-0027,Indicação Interna,0.0,2,2022-08-29,2022-09-10,2022-09-13,2022-09-19,2022-09-26,2022-09-27,2022-11-12
CAND-00028,EMP-0028,LinkedIn,0.0,6,2023-03-21,2023-03-24,2023-03-25,2023-04-04,2023-04-07,2023-04-10,2023-07-04
CAND-00029,EMP-0029,Gupy,361.8,2,2022-01-30,2022-02-01,2022-02-04,2022-02-07,2022-02-11,2022-02-14,2023-11-25
CAND-00030,EMP-0030,Site Corporativo,0.0,4,2023-01-19,2023-01-27,2023-01-29,2023-02-04,2023-02-10,2023-02-14,2023-01-10
CAND-00031,EMP-0031,Gupy,0.0,6,2023-08-03,2023-08-15,2023-08-17,2023-08-22,2023-08-25,2023-08-26,2022-04-07
CAND-00032,EMP-0032,Indicação Interna,0.0,6,2023-09-17,2023-10-02,2023-10-06,2023-10-12,2023-10-17,2023-10-22,2022-09-11
CAND-00033,EMP-0033,Agência,0.0,6,2022-05-27,2022-06-01,2022-06-05,2022-06-12,2022-06-17,2022-06-20,2023-06-07
CAND-00034,EMP-0034,LinkedIn,0.0,6,2023-11-14,2023-11-16,2023-11-20,2023-11-27,2023-12-04,2023-12-09,2023-03-15
CAND-00035,EMP-0035,Site Corporativo,0.0,6,2022-06-11,2022-06-14,2022-06-18,2022-06-26,2022-07-02,2022-07-05,2023-01-10
CAND-00036,EMP-0036,Agência,0.0,5,2023-10-17,2023-10-25,2023-10-28,2023-11-07,2023-11-11,2023-11-13,2022-09-07
CAND-00037,EMP-0037,Gupy,341.71,6,2023-01-29,2023-02-13,2023-02-17,2023-02-21,2023-02-24,2023-02-28,2022-11-07
CAND-00038,EMP-0038,Site Corporativo,0.0,3,2023-08-09,2023-08-16,2023-08-21,2023-08-28,2023-09-04,2023-09-07,2023-03-11
CAND-00039,EMP-0039,Agência,0.0,4,2022-01-23,2022-02-07,2022-02-11,2022-02-18,2022-02-20,2022-02-25,2022-07-14
CAND-00040,EMP-0040,Site Corporativo,154.0,4,2023-12-04,2023-12-18,2023-12-19,2023-12-29,2024-01-02,2024-01-04,2022-07-04
CAND-00041,EMP-0041,Indicação Interna,0.0,3,2023-09-14,2023-09-28,2023-10-01,2023-10-07,2023-10-14,2023-10-16,2023-04-25
CAND-00042,EMP-0042,Indicação Interna,0.0,5,2023-09-28,2023-10-04,2023-10-06,2023-10-10,2023-10-17,2023-10-18,2022-07-09
CAND-00043,EMP-0043,LinkedIn,0.0,3,2022-11-13,2022-11-27,2022-12-01,2022-12-04,2022-12-10,2022-12-13,2023-04-03
CAND-00044,EMP-0044,LinkedIn,0.0,4,2024-01-20,2024-01-24,2024-01-25,2024-02-01,2024-02-05,2024-02-09,2023-03-19
CAND-00045,EMP-0045,Indicação Interna,0.0,5,2022-06-29,2022-07-04,2022-07-06,2022-07-14,2022-07-20,2022-07-25,2023-12-10
CAND-00046,EMP-0046,Site Corporativo,146.51,5,2022-10-07,2022-10-22,2022-10-24,2022-10-31,2022-11-05,2022-11-08,2022-12-27
CAND-00047,EMP-0047,Indicação Interna,0.0,5,2022-12-13,2022-12-27,2022-12-28,2023-01-07,2023-01-09,2023-01-11,2022-05-15
CAND-00048,EMP-0048,LinkedIn,0.0,5,2022-08-20,2022-09-04,2022-09-08,2022-09-16,2022-09-18,2022-09-22,2023-07-15
CAND-00049,EMP-0049,Indicação Interna,0.0,2,2022-01-15,2022-01-21,2022-01-26,2022-01-30,2022-02-04,2022-02-07,2023-10-02
CAND-00050,EMP-0050,Indicação Interna,0.0,5,2023-11-20,2023-12-03,2023-12-06,2023-12-15,2023-12-22,2023-12-25,2022-08-06
CAND-00051,EMP-0051,Site Corporativo,0.0,2,2022-04-21,2022-05-03,2022-05-05,2022-05-15,2022-05-17,2022-05-22,2023-04-23
CAND-00052,EMP-0052,Agência,0.0,5,2023-07-29,2023-08-05,2023-08-10,2023-08-16,2023-08-23,2023-08-24,2022-06-20
CAND-00053,EMP-0053,LinkedIn,0.0,2,2023-10-13,2023-10-28,2023-11-01,2023-11-08,2023-11-15,2023-11-19,2023-10-18
CAND-00054,EMP-0054,Site Corporativo,153.53,4,2022-04-30,2022-05-04,2022-05-05,2022-05-08,2022-05-12,2022-05-16,2023-01-26
CAND-00055,EMP-0055,Indicação Interna,0.0,6,2022-04-29,2022-05-02,2022-05-04,2022-05-09,2022-05-14,2022-05-18,2024-01-04
CAND-00056,EMP-0056,Indicação Interna,0.0,5,2023-01-15,2023-01-27,2023-02-01,2023-02-10,2023-02-16,2023-02-18,2023-12-25
CAND-00057,EMP-0057,Agência,0.0,6,2023-03-01,2023-03-13,2023-03-14,2023-03-24,2023-03-30,2023-04-03,2023-04-06
CAND-00058,EMP-0058,LinkedIn,0.0,5,2022-10-14,2022-10-16,2022-10-19,2022-10-25,2022-10-30,2022-11-03,2023-11-13
CAND-00059,EMP-0059,LinkedIn,0.0,4,2022-08-30,2022-09-14,2022-09-17,2022-09-21,2022-09-28,2022-10-01,2022-10-14
CAND-00060,EMP-0060,Gupy,401.95,5,2023-07-12,2023-07-24,2023-07-27,2023-07-30,2023-08-04,2023-08-07,2022-06-11
CAND-00061,EMP-0061,LinkedIn,813.85,4,2022-07-14,2022-07-17,2022-07-21,2022-07-25,2022-08-01,2022-08-03,2022-05-17
CAND-00062,EMP-0062,Agência,0.0,2,2023-10-20,2023-11-01,2023-11-06,2023-11-09,2023-11-11,2023-11-14,2024-02-07
CAND-00063,EMP-0063,Gupy,440.85,6,2022-09-07,2022-09-11,2022-09-16,2022-09-22,2022-09-24,2022-09-29,2022-11-20
CAND-00064,EMP-0064,Gupy,0.0,2,2022-08-01,2022-08-12,2022-08-14,2022-08-20,2022-08-24,2022-08-26,2023-01-22
CAND-00065,EMP-0065,Indicação Interna,0.0,3,2023-09-03,2023-09-05,2023-09-08,2023-09-13,2023-09-16,2023-09-21,2022-06-21
CAND-00066,EMP-0066,Indicação Interna,1684.49,2,2022-09-14,2022-09-28,2022-09-30,2022-10-04,2022-10-11,2022-10-12,2022-11-25
CAND-00067,EMP-0067,LinkedIn,0.0,4,2022-05-15,2022-05-17,2022-05-20,2022-05-26,2022-06-01,2022-06-04,2022-07-13
CAND-00068,EMP-0068,Gupy,0.0,6,2022-01-17,2022-01-21,2022-01-24,2022-01-27,2022-01-30,2022-02-03,2023-04-25
CAND-00069,EMP-0069,Indicação Interna,1232.82,6,2023-06-23,2023-06-26,2023-06-27,2023-07-07,2023-07-12,2023-07-15,2023-01-10
CAND-00070,EMP-0070,Agência,0.0,6,2023-06-10,2023-06-21,2023-06-22,2023-07-02,2023-07-08,2023-07-10,2023-07-09
CAND-00071,EMP-0071,Indicação Interna,0.0,3,2023-09-22,2023-09-24,2023-09-29,2023-10-06,2023-10-11,2023-10-12,2024-01-11
CAND-00072,EMP-0072,Indicação Interna,0.0,4,2022-03-04,2022-03-13,2022-03-17,2022-03-26,2022-04-02,2022-04-03,2023-04-09
CAND-00073,EMP-0073,Gupy,366.49,2,2023-05-18,2023-05-31,2023-06-04,2023-06-08,2023-06-10,2023-06-13,2022-09-14
CAND-00074,EMP-0074,Gupy,0.0,6,2023-09-15,2023-09-19,2023-09-20,2023-09-25,2023-09-29,2023-10-04,2023-04-15
CAND-00075,EMP-0075,Site Corporativo,0.0,2,2023-10-11,2023-10-22,2023-10-27,2023-11-04,2023-11-09,2023-11-14,2023-03-30
CAND-00076,EMP-0076,Agência,6577.14,2,2023-06-28,2023-07-04,2023-07-08,2023-07-17,2023-07-19,2023-07-20,2022-11-01
CAND-00077,EMP-0077,Gupy,0.0,4,2023-11-02,2023-11-14,2023-11-19,2023-11-25,2023-11-30,2023-12-04,2024-02-16
CAND-00078,EMP-0078,LinkedIn,0.0,5,2022-08-22,2022-08-30,2022-09-02,2022-09-12,2022-09-17,2022-09-21,2022-12-30
CAND-00079,EMP-0079,Agência,5292.15,3,2024-01-18,2024-01-21,2024-01-24,2024-02-02,2024-02-06,2024-02-09,2024-02-29
CAND-00080,EMP-0080,Agência,6577.02,4,2023-01-19,2023-01-23,2023-01-27,2023-01-31,2023-02-02,2023-02-03,2024-01-24
CAND-00081,EMP-0081,Gupy,0.0,6,2022-04-06,2022-04-14,2022-04-15,2022-04-23,2022-04-26,2022-05-01,2022-06-13
CAND-00082,EMP-0082,Agência,6421.63,2,2022-03-03,2022-03-14,2022-03-19,2022-03-27,2022-04-03,2022-04-04,2023-12-15
CAND-00083,EMP-0083,Gupy,0.0,5,2023-02-25,2023-03-04,2023-03-08,2023-03-11,2023-03-15,2023-03-20,2024-01-11
CAND-00084,EMP-0084,Indicação Interna,0.0,6,2022-11-16,2022-11-23,2022-11-24,2022-11-30,2022-12-03,2022-12-07,2022-09-23
CAND-00085,EMP-0085,Site Corporativo,0.0,6,2022-08-18,2022-09-02,2022-09-03,2022-09-11,2022-09-17,2022-09-20,2023-09-29
CAND-00086,EMP-0086,Indicação Interna,0.0,3,2022-04-28,2022-05-12,2022-05-15,2022-05-21,2022-05-26,2022-05-31,2022-12-07
CAND-00087,EMP-0087,Gupy,397.59,6,2023-09-29,2023-10-10,2023-10-15,2023-10-18,2023-10-24,2023-10-27,2022-09-15
CAND-00088,EMP-0088,Gupy,0.0,4,2022-01-30,2022-02-03,2022-02-06,2022-02-13,2022-02-17,2022-02-20,2023-07-18
CAND-00089,EMP-0089,Indicação Interna,1200.02,2,2022-01-07,2022-01-11,2022-01-13,2022-01-22,2022-01-24,2022-01-26,2023-04-24
CAND-00090,EMP-0090,LinkedIn,0.0,3,2023-10-11,2023-10-13,2023-10-14,2023-10-20,2023-10-25,2023-10-29,2023-01-02
CAND-00091,EMP-0091,LinkedIn,671.0,2,2023-04-10,2023-04-17,2023-04-19,2023-04-27,2023-05-01,2023-05-04,2024-01-16
CAND-00092,EMP-0092,LinkedIn,791.6,5,2023-08-05,2023-08-16,2023-08-17,2023-08-20,2023-08-23,2023-08-25,2024-03-05
CAND-00093,EMP-0093,Gupy,0.0,3,2023-09-25,2023-09-27,2023-09-28,2023-10-05,2023-10-10,2023-10-14,2023-10-23
CAND-00094,EMP-0094,Agência,0.0,3,2023-05-13,2023-05-24,2023-05-28,2023-06-06,2023-06-10,2023-06-12,2022-11-11
CAND-00095,EMP-0095,Gupy,339.49,4,2023-06-09,2023-06-12,2023-06-15,2023-06-24,2023-06-26,2023-06-29,2024-03-02
CAND-00096,EMP-0096,Agência,0.0,2,2023-11-26,2023-12-08,2023-12-13,2023-12-23,2023-12-29,2024-01-01,2023-02-27
CAND-00097,EMP-0097,Indicação Interna,0.0,3,2022-02-16,2022-02-21,2022-02-25,2022-02-28,2022-03-02,2022-03-04,2022-05-28
CAND-00098,EMP-0098,Site Corporativo,0.0,5,2022-11-05,2022-11-10,2022-11-12,2022-11-19,2022-11-23,2022-11-26,2022-11-21
CAND-00099,EMP-0099,Agência,0.0,3,2022-05-03,2022-05-05,2022-05-09,2022-05-18,2022-05-21,2022-05-23,2022-05-03
CAND-00100,EMP-0100,LinkedIn,0.0,6,2023-01-25,2023-02-04,2023-02-06,2023-02-14,2023-02-16,2023-02-20,2023-02-18
CAND-00101,EMP-0101,Gupy,0.0,6,2022-02-13,2022-02-21,2022-02-22,2022-03-04,2022-03-06,2022-03-09,2023-05-16
CAND-00102,EMP-0102,Indicação Interna,0.0,2,2023-08-13,2023-08-21,2023-08-26,2023-09-04,2023-09-11,2023-09-15,2022-12-31
CAND-00103,EMP-0103,LinkedIn,0.0,2,2022-10-24,2022-10-27,2022-10-31,2022-11-03,2022-11-07,2022-11-09,2022-06-07
CAND-00104,EMP-0104,Indicação Interna,0.0,5,2023-09-25,2023-10-04,2023-10-07,2023-10-11,2023-10-16,2023-10-17,2022-11-03
CAND-00105,EMP-0105,Site Corporativo,0.0,3,2022-09-07,2022-09-15,2022-09-20,2022-09-29,2022-10-05,2022-10-06,2023-11-02
CAND-00106,EMP-0106,Gupy,0.0,2,2023-02-10,2023-02-25,2023-02-28,2023-03-08,2023-03-11,2023-03-14,2023-02-17
CAND-00107,EMP-0107,Gupy,450.97,4,2022-06-22,2022-06-25,2022-06-30,2022-07-04,2022-07-10,2022-07-15,2022-11-04
CAND-00108,EMP-0108,Site Corporativo,0.0,2,2022-07-18,2022-08-01,2022-08-04,2022-08-12,2022-08-19,2022-08-21,2024-02-01
CAND-00109,EMP-0109,Gupy,438.67,3,2022-08-30,2022-09-02,2022-09-04,2022-09-11,2022-09-14,2022-09-16,2023-08-25
CAND-00110,EMP-0110,Agência,0.0,4,2023-09-09,2023-09-13,2023-09-14,2023-09-19,2023-09-26,2023-09-30,2023-05-11
CAND-00111,EMP-0111,Indicação Interna,0.0,3,2023-04-21,2023-05-05,2023-05-10,2023-05-20,2023-05-27,2023-06-01,2024-01-19
CAND-00112,EMP-0112,LinkedIn,853.61,5,2023-10-21,2023-11-02,2023-11-07,2023-11-15,2023-11-22,2023-11-25,2023-07-14
CAND-00113,EMP-0113,Site Corporativo,0.0,3,2022-06-04,2022-06-13,2022-06-14,2022-06-24,2022-06-29,2022-07-02,2022-08-25
CAND-00114,EMP-0114,Agência,0.0,4,2022-10-09,2022-10-20,2022-10-21,2022-10-29,2022-11-04,2022-11-05,2022-12-28
CAND-00115,EMP-0115,LinkedIn,0.0,5,2022-11-14,2022-11-23,2022-11-27,2022-11-30,2022-12-02,2022-12-05,2022-08-21
CAND-00116,EMP-0116,LinkedIn,0.0,2,2022-10-21,2022-10-24,2022-10-25,2022-11-03,2022-11-08,2022-11-13,2022-12-09
CAND-00117,EMP-0117,Site Corporativo,0.0,3,2023-07-22,2023-08-05,2023-08-06,2023-08-16,2023-08-22,2023-08-24,2023-10-27
CAND-00118,EMP-0118,Agência,5800.55,3,2022-11-26,2022-12-07,2022-12-11,2022-12-16,2022-12-18,2022-12-22,2023-10-04
CAND-00119,EMP-0119,LinkedIn,0.0,6,2022-04-16,2022-04-30,2022-05-03,2022-05-07,2022-05-13,2022-05-15,2022-12-26
CAND-00120,EMP-0120,LinkedIn,786.27,3,2022-02-10,2022-02-15,2022-02-19,2022-03-01,2022-03-07,2022-03-12,2023-11-20
CAND-00121,EMP-0121,Agência,0.0,6,2023-09-17,2023-09-21,2023-09-24,2023-10-02,2023-10-06,2023-10-10,2023-06-13
CAND-00122,EMP-0122,Gupy,368.44,4,2023-02-23,2023-03-09,2023-03-12,2023-03-15,2023-03-22,2023-03-25,2023-11-19
CAND-00123,EMP-0123,LinkedIn,0.0,5,2022-03-09,2022-03-16,2022-03-17,2022-03-26,2022-03-30,2022-04-02,2023-05-14
CAND-00124,EMP-0124,Indicação Interna,0.0,6,2024-01-12,2024-01-27,2024-02-01,2024-02-06,2024-02-10,2024-02-11,2023-04-06
CAND-00125,EMP-0125,Agência,0.0,4,2023-08-20,2023-09-01,2023-09-03,2023-09-11,2023-09-15,2023-09-19,2022-11-11
CAND-00126,EMP-0126,LinkedIn,930.26,3,2022-05-13,2022-05-24,2022-05-25,2022-06-01,2022-06-07,2022-06-11,2022-08-20
CAND-00127,EMP-0127,Site Corporativo,0.0,4,2023-10-21,2023-11-04,2023-11-07,2023-11-12,2023-11-19,2023-11-24,2023-09-04
CAND-00128,EMP-0128,Indicação Interna,0.0,5,2022-04-06,2022-04-18,2022-04-22,2022-04-30,2022-05-02,2022-05-05,2023-08-19
CAND-00129,EMP-0129,LinkedIn,0.0,2,2022-11-13,2022-11-17,2022-11-19,2022-11-27,2022-12-02,2022-12-04,2022-07-03
CAND-00130,EMP-0130,Indicação Interna,1789.05,5,2022-08-20,2022-08-24,2022-08-26,2022-08-30,2022-09-03,2022-09-04,2022-05-19
CAND-00131,EMP-0131,Indicação Interna,0.0,5,2023-06-04,2023-06-18,2023-06-23,2023-06-26,2023-07-03,2023-07-06,2022-07-22
CAND-00132,EMP-0132,Gupy,0.0,5,2023-09-25,2023-09-29,2023-10-04,2023-10-13,2023-10-16,2023-10-18,2022-09-04
CAND-00133,EMP-0133,Indicação Interna,0.0,4,2022-07-05,2022-07-20,2022-07-25,2022-07-30,2022-08-06,2022-08-10,2024-01-03
CAND-00134,EMP-0134,Gupy,0.0,3,2022-02-14,2022-02-22,2022-02-25,2022-03-03,2022-03-08,2022-03-13,2022-09-11
CAND-00135,EMP-0135,Agência,0.0,5,2022-10-19,2022-11-02,2022-11-06,2022-11-12,2022-11-18,2022-11-20,2024-02-26
CAND-00136,EMP-0136,Gupy,0.0,4,2022-11-13,2022-11-27,2022-12-01,2022-12-07,2022-12-11,2022-12-16,2023-06-07
CAND-00137,EMP-0137,Site Corporativo,159.36,6,2023-03-28,2023-04-06,2023-04-09,2023-04-18,2023-04-24,2023-04-29,2023-12-02
CAND-00138,EMP-0138,LinkedIn,0.0,2,2023-03-05,2023-03-09,2023-03-11,2023-03-16,2023-03-20,2023-03-21,2022-06-05
CAND-00139,EMP-0139,Agência,0.0,5,2023-10-19,2023-10-28,2023-10-31,2023-11-04,2023-11-11,2023-11-16,2023-04-30
CAND-00140,EMP-0140,Agência,0.0,2,2022-05-08,2022-05-14,2022-05-15,2022-05-20,2022-05-24,2022-05-28,2023-04-26
CAND-00141,EMP-0141,Site Corporativo,0.0,5,2023-06-10,2023-06-14,2023-06-18,2023-06-22,2023-06-25,2023-06-29,2023-12-02
CAND-00142,EMP-0142,Gupy,0.0,3,2022-12-24,2022-12-26,2022-12-30,2023-01-02,2023-01-07,2023-01-12,2023-07-24
CAND-00143,EMP-0143,LinkedIn,884.03,3,2023-01-18,2023-01-23,2023-01-27,2023-01-31,2023-02-04,2023-02-06,2023-09-24
CAND-00144,EMP-0144,Gupy,0.0,2,2022-01-29,2022-02-05,2022-02-06,2022-02-14,2022-02-17,2022-02-19,2022-12-14
CAND-00145,EMP-0145,Indicação Interna,0.0,2,2022-02-09,2022-02-15,2022-02-19,2022-02-24,2022-03-03,2022-03-07,2023-10-19
CAND-00146,EMP-0146,Gupy,0.0,2,2023-04-05,2023-04-16,2023-04-17,2023-04-21,2023-04-23,2023-04-26,2022-04-12
CAND-00147,EMP-0147,Agência,0.0,3,2022-08-09,2022-08-24,2022-08-26,2022-09-04,2022-09-06,2022-09-09,2024-02-26
CAND-00148,EMP-0148,LinkedIn,0.0,5,2022-09-01,2022-09-07,2022-09-08,2022-09-11,2022-09-14,2022-09-18,2022-07-27
CAND-00149,EMP-0149,Gupy,0.0,2,2023-10-17,2023-10-31,2023-11-05,2023-11-15,2023-11-17,2023-11-18,2024-02-28
CAND-00150,EMP-0150,LinkedIn,0.0,3,2023-05-27,2023-06-07,2023-06-12,2023-06-15,2023-06-22,2023-06-27,2023-10-02
CAND-00151,EMP-0151,LinkedIn,0.0,6,2023-08-12,2023-08-17,2023-08-19,2023-08-26,2023-08-31,2023-09-01,2022-12-30
CAND-00152,EMP-0152,Indicação Interna,0.0,4,2023-09-22,2023-09-29,2023-10-01,2023-10-10,2023-10-13,2023-10-14,2024-01-17
CAND-00153,EMP-0153,Indicação Interna,0.0,3,2023-06-21,2023-06-28,2023-06-29,2023-07-02,2023-07-07,2023-07-11,2023-03-15
CAND-00154,EMP-0154,Agência,0.0,4,2022-02-14,2022-02-26,2022-03-02,2022-03-10,2022-03-14,2022-03-15,2022-07-24
CAND-00155,EMP-0155,Site Corporativo,139.44,5,2023-01-01,2023-01-15,2023-01-16,2023-01-24,2023-01-27,2023-01-28,2023-01-26
CAND-00156,EMP-0156,LinkedIn,0.0,4,2023-08-19,2023-09-01,2023-09-04,2023-09-09,2023-09-11,2023-09-14,2023-06-20
CAND-00157,EMP-0157,Site Corporativo,0.0,6,2023-07-14,2023-07-21,2023-07-23,2023-08-02,2023-08-09,2023-08-13,2022-09-09
CAND-00158,EMP-0158,Agência,0.0,4,2023-10-09,2023-10-13,2023-10-15,2023-10-19,2023-10-26,2023-10-30,2023-07-09
CAND-00159,EMP-0159,LinkedIn,0.0,4,2022-02-07,2022-02-13,2022-02-15,2022-02-18,2022-02-21,2022-02-22,2022-04-04
CAND-00160,EMP-0160,LinkedIn,912.65,6,2022-11-20,2022-11-26,2022-12-01,2022-12-10,2022-12-16,2022-12-20,2022-12-26
CAND-00161,EMP-0161,Site Corporativo,125.79,4,2022-09-17,2022-09-19,2022-09-21,2022-09-28,2022-10-02,2022-10-03,2023-08-26
CAND-00162,EMP-0162,Gupy,469.48,2,2023-11-03,2023-11-10,2023-11-13,2023-11-17,2023-11-21,2023-11-25,2022-09-30
CAND-00163,EMP-0163,Indicação Interna,0.0,2,2023-02-14,2023-02-27,2023-03-03,2023-03-12,2023-03-16,2023-03-18,2023-09-02
CAND-00164,EMP-0164,Gupy,0.0,5,2023-05-24,2023-06-06,2023-06-10,2023-06-18,2023-06-24,2023-06-27,2022-07-18
CAND-00165,EMP-0165,Site Corporativo,0.0,3,2022-03-26,2022-04-08,2022-04-12,2022-04-16,2022-04-21,2022-04-26,2024-01-01
CAND-00166,EMP-0166,Indicação Interna,0.0,2,2022-07-04,2022-07-14,2022-07-17,2022-07-25,2022-07-27,2022-07-28,2023-01-31
CAND-00167,EMP-0167,Gupy,0.0,6,2022-12-02,2022-12-14,2022-12-17,2022-12-24,2022-12-29,2023-01-03,2024-01-15
CAND-00168,EMP-0168,Indicação Interna,1739.88,5,2024-01-05,2024-01-13,2024-01-15,2024-01-25,2024-01-29,2024-02-02,2023-09-02
CAND-00169,EMP-0169,LinkedIn,925.59,3,2022-02-13,2022-02-26,2022-03-01,2022-03-10,2022-03-14,2022-03-15,2023-12-15
CAND-00170,EMP-0170,Gupy,0.0,3,2022-03-18,2022-03-30,2022-04-03,2022-04-11,2022-04-17,2022-04-19,2022-10-21
CAND-00171,EMP-0171,Indicação Interna,0.0,6,2022-02-01,2022-02-05,2022-02-10,2022-02-20,2022-02-22,2022-02-24,2022-09-04
CAND-00172,EMP-0172,Indicação Interna,1567.14,2,2022-03-10,2022-03-15,2022-03-18,2022-03-26,2022-03-31,2022-04-05,2023-04-18
CAND-00173,EMP-0173,Indicação Interna,1708.08,5,2022-02-03,2022-02-14,2022-02-16,2022-02-26,2022-03-02,2022-03-05,2022-09-13
CAND-00174,EMP-0174,Gupy,442.14,5,2023-03-31,2023-04-14,2023-04-15,2023-04-20,2023-04-26,2023-04-29,2023-10-05
CAND-00175,EMP-0175,Agência,0.0,2,2023-02-12,2023-02-19,2023-02-22,2023-02-28,2023-03-02,2023-03-03,2023-09-26
CAND-00176,EMP-0176,Gupy,0.0,2,2022-07-10,2022-07-19,2022-07-24,2022-08-02,2022-08-08,2022-08-09,2022-04-01
CAND-00177,EMP-0177,Site Corporativo,0.0,3,2022-09-26,2022-10-10,2022-10-13,2022-10-23,2022-10-26,2022-10-31,2023-12-05
CAND-00178,EMP-0178,Gupy,0.0,2,2022-10-20,2022-11-02,2022-11-06,2022-11-12,2022-11-14,2022-11-16,2023-02-26
CAND-00179,EMP-0179,Indicação Interna,0.0,5,2022-03-17,2022-03-26,2022-03-28,2022-04-07,2022-04-09,2022-04-12,2023-08-14
CAND-00180,EMP-0180,LinkedIn,0.0,3,2023-11-15,2023-11-22,2023-11-23,2023-11-30,2023-12-04,2023-12-06,2022-04-20
CAND-00181,EMP-0181,Gupy,0.0,2,2023-12-30,2024-01-12,2024-01-14,2024-01-22,2024-01-28,2024-01-30,2022-07-24
CAND-00182,EMP-0182,Gupy,0.0,2,2022-05-05,2022-05-10,2022-05-12,2022-05-18,2022-05-23,2022-05-24,2023-04-07
CAND-00183,EMP-0183,Indicação Interna,1351.5,3,2023-01-05,2023-01-15,2023-01-20,2023-01-28,2023-02-02,2023-02-07,2023-02-09
CAND-00184,EMP-0184,LinkedIn,0.0,5,2022-05-13,2022-05-24,2022-05-25,2022-05-29,2022-06-02,2022-06-06,2022-12-02
CAND-00185,EMP-0185,LinkedIn,704.38,6,2024-01-05,2024-01-18,2024-01-22,2024-01-31,2024-02-05,2024-02-10,2022-05-30
CAND-00186,EMP-0186,Site Corporativo,168.83,4,2022-03-17,2022-03-21,2022-03-24,2022-03-28,2022-04-02,2022-04-06,2022-12-03
CAND-00187,EMP-0187,Gupy,0.0,5,2023-11-28,2023-12-08,2023-12-11,2023-12-16,2023-12-22,2023-12-27,2023-11-02
CAND-00188,EMP-0188,LinkedIn,826.27,3,2022-07-06,2022-07-20,2022-07-22,2022-07-31,2022-08-06,2022-08-07,2022-06-20
CAND-00189,EMP-0189,LinkedIn,0.0,5,2022-05-08,2022-05-18,2022-05-20,2022-05-27,2022-05-30,2022-06-01,2022-06-27
CAND-00190,EMP-0190,Agência,0.0,6,2022-11-27,2022-12-10,2022-12-12,2022-12-20,2022-12-26,2022-12-29,2023-08-11
CAND-00191,EMP-0191,Agência,6744.02,2,2022-03-22,2022-03-28,2022-03-30,2022-04-06,2022-04-09,2022-04-12,2022-06-10
CAND-00192,EMP-0192,LinkedIn,0.0,6,2023-09-22,2023-10-02,2023-10-03,2023-10-08,2023-10-14,2023-10-19,2023-09-28
CAND-00193,EMP-0193,Site Corporativo,0.0,3,2022-06-07,2022-06-11,2022-06-16,2022-06-24,2022-06-30,2022-07-01,2022-08-07
CAND-00194,EMP-0194,LinkedIn,0.0,3,2022-01-30,2022-02-02,2022-02-03,2022-02-10,2022-02-17,2022-02-19,2022-08-10
CAND-00195,EMP-0195,Indicação Interna,0.0,4,2023-08-09,2023-08-17,2023-08-22,2023-08-25,2023-08-30,2023-09-04,2024-02-05
CAND-00196,EMP-0196,Gupy,349.65,2,2022-10-24,2022-11-05,2022-11-08,2022-11-18,2022-11-21,2022-11-25,2023-07-31
CAND-00197,EMP-0197,Site Corporativo,0.0,6,2022-11-01,2022-11-10,2022-11-11,2022-11-14,2022-11-17,2022-11-21,2023-10-15
CAND-00198,EMP-0198,Indicação Interna,0.0,2,2023-03-02,2023-03-11,2023-03-15,2023-03-21,2023-03-25,2023-03-30,2022-09-17
CAND-00199,EMP-0199,Site Corporativo,0.0,3,2022-05-28,2022-06-04,2022-06-07,2022-06-15,2022-06-20,2022-06-22,2022-12-28
CAND-00200,EMP-0200,Indicação Interna,0.0,4,2023-01-15,2023-01-25,2023-01-30,2023-02-03,2023-02-07,2023-02-09,2023-09-23
CAND-00201,EMP-0201,Gupy,0.0,4,2023-04-23,2023-04-26,2023-04-29,2023-05-09,2023-05-12,2023-05-14,2023-12-13
CAND-00202,EMP-0202,Gupy,0.0,3,2022-04-10,2022-04-12,2022-04-15,2022-04-24,2022-04-30,2022-05-04,2023-06-08
CAND-00203,EMP-0203,Agência,0.0,4,2022-09-12,2022-09-27,2022-09-29,2022-10-07,2022-10-13,2022-10-16,2022-11-03
CAND-00204,EMP-0204,Indicação Interna,0.0,5,2022-07-14,2022-07-28,2022-07-30,2022-08-09,2022-08-15,2022-08-19,2023-10-05
CAND-00205,EMP-0205,Agência,0.0,3,2023-05-26,2023-06-01,2023-06-05,2023-06-08,2023-06-10,2023-06-14,2024-03-07
CAND-00206,EMP-0206,Indicação Interna,0.0,2,2023-06-02,2023-06-11,2023-06-13,2023-06-19,2023-06-25,2023-06-28,2022-10-23
CAND-00207,EMP-0207,Agência,4961.17,5,2022-02-19,2022-02-21,2022-02-24,2022-03-06,2022-03-12,2022-03-16,2023-02-14
CAND-00208,EMP-0208,Gupy,0.0,5,2022-10-20,2022-10-30,2022-10-31,2022-11-04,2022-11-09,2022-11-11,2023-05-14
CAND-00209,EMP-0209,Site Corporativo,0.0,3,2022-09-28,2022-10-11,2022-10-14,2022-10-23,2022-10-27,2022-10-28,2024-02-17
CAND-00210,EMP-0210,Agência,4987.55,4,2023-02-15,2023-02-17,2023-02-22,2023-02-28,2023-03-04,2023-03-09,2024-01-26
CAND-00211,EMP-0211,Indicação Interna,0.0,6,2022-10-23,2022-10-26,2022-10-30,2022-11-09,2022-11-15,2022-11-18,2023-04-18
CAND-00212,EMP-0212,Indicação Interna,1270.76,2,2023-10-01,2023-10-13,2023-10-18,2023-10-22,2023-10-25,2023-10-26,2023-06-23
CAND-00213,EMP-0213,Gupy,416.24,3,2023-02-08,2023-02-15,2023-02-18,2023-02-26,2023-03-01,2023-03-03,2023-09-12
CAND-00214,EMP-0214,Indicação Interna,0.0,3,2023-09-09,2023-09-19,2023-09-23,2023-09-26,2023-09-28,2023-09-29,2023-07-07
CAND-00215,EMP-0215,LinkedIn,941.0,3,2022-05-21,2022-06-03,2022-06-06,2022-06-16,2022-06-22,2022-06-26,2022-08-02
CAND-00216,EMP-0216,Site Corporativo,0.0,4,2022-06-02,2022-06-13,2022-06-18,2022-06-23,2022-06-27,2022-07-02,2022-12-10
CAND-00217,EMP-0217,Agência,6487.86,5,2022-11-23,2022-11-27,2022-12-01,2022-12-08,2022-12-14,2022-12-17,2022-11-17
CAND-00218,EMP-0218,Site Corporativo,172.29,2,2023-06-04,2023-06-19,2023-06-24,2023-07-04,2023-07-11,2023-07-16,2022-06-05
CAND-00219,EMP-0219,Gupy,0.0,5,2022-11-03,2022-11-12,2022-11-13,2022-11-21,2022-11-25,2022-11-26,2023-03-13
CAND-00220,EMP-0220,Agência,6180.85,2,2023-03-03,2023-03-14,2023-03-17,2023-03-20,2023-03-26,2023-03-30,2022-04-22
CAND-00221,EMP-0221,Agência,0.0,3,2022-09-29,2022-10-11,2022-10-16,2022-10-22,2022-10-29,2022-10-30,2023-11-24
CAND-00222,EMP-0222,LinkedIn,0.0,6,2023-08-21,2023-08-30,2023-09-01,2023-09-10,2023-09-13,2023-09-15,2023-10-20
CAND-00223,EMP-0223,Gupy,0.0,6,2022-02-02,2022-02-13,2022-02-14,2022-02-20,2022-02-22,2022-02-26,2022-11-22
CAND-00224,EMP-0224,Indicação Interna,0.0,4,2022-11-18,2022-11-26,2022-11-28,2022-12-07,2022-12-14,2022-12-16,2023-11-24
CAND-00225,EMP-0225,LinkedIn,863.21,6,2023-02-25,2023-03-07,2023-03-12,2023-03-22,2023-03-29,2023-03-30,2022-11-12
CAND-00226,EMP-0226,LinkedIn,790.71,3,2023-12-24,2023-12-28,2024-01-02,2024-01-08,2024-01-14,2024-01-17,2022-04-08
CAND-00227,EMP-0227,Site Corporativo,0.0,3,2023-11-10,2023-11-19,2023-11-24,2023-12-03,2023-12-07,2023-12-09,2022-06-12
CAND-00228,EMP-0228,Site Corporativo,121.8,6,2023-04-16,2023-04-26,2023-04-29,2023-05-07,2023-05-14,2023-05-17,2024-01-07
CAND-00229,EMP-0229,Site Corporativo,0.0,4,2023-09-17,2023-09-26,2023-09-28,2023-10-04,2023-10-08,2023-10-13,2022-05-31
CAND-00230,EMP-0230,LinkedIn,747.05,2,2022-11-02,2022-11-07,2022-11-10,2022-11-17,2022-11-24,2022-11-26,2022-11-21
CAND-00231,EMP-0231,Indicação Interna,0.0,2,2023-12-08,2023-12-21,2023-12-25,2024-01-02,2024-01-07,2024-01-10,2022-06-09
CAND-00232,EMP-0232,Agência,6113.01,2,2023-07-28,2023-08-11,2023-08-14,2023-08-21,2023-08-23,2023-08-28,2022-05-03
CAND-00233,EMP-0233,Site Corporativo,0.0,5,2023-11-24,2023-12-04,2023-12-08,2023-12-17,2023-12-21,2023-12-23,2023-03-05
CAND-00234,EMP-0234,Indicação Interna,0.0,6,2022-10-25,2022-10-27,2022-10-30,2022-11-03,2022-11-07,2022-11-11,2022-06-12
CAND-00235,EMP-0235,Gupy,0.0,6,2023-11-03,2023-11-09,2023-11-13,2023-11-19,2023-11-22,2023-11-27,2023-09-09
CAND-00236,EMP-0236,Site Corporativo,0.0,2,2022-10-05,2022-10-15,2022-10-18,2022-10-23,2022-10-25,2022-10-30,2022-11-30
CAND-00237,EMP-0237,Agência,4974.99,6,2023-08-24,2023-08-29,2023-08-31,2023-09-03,2023-09-10,2023-09-15,2023-01-11
CAND-00238,EMP-0238,Gupy,0.0,3,2022-08-20,2022-09-01,2022-09-03,2022-09-06,2022-09-08,2022-09-12,2024-02-15
CAND-00239,EMP-0239,Gupy,0.0,4,2022-12-05,2022-12-18,2022-12-22,2022-12-26,2023-01-02,2023-01-04,2023-08-11
CAND-00240,EMP-0240,Agência,0.0,4,2022-01-06,2022-01-16,2022-01-18,2022-01-27,2022-02-03,2022-02-07,2022-11-06
CAND-00241,EMP-0241,Site Corporativo,0.0,2,2023-05-04,2023-05-16,2023-05-18,2023-05-25,2023-05-29,2023-06-01,2023-10-05
CAND-00242,EMP-0242,LinkedIn,953.94,3,2023-10-24,2023-10-26,2023-10-27,2023-11-02,2023-11-08,2023-11-09,2022-08-14
CAND-00243,EMP-0243,Agência,0.0,2,2022-06-29,2022-07-07,2022-07-09,2022-07-12,2022-07-17,2022-07-21,2023-11-06
CAND-00244,EMP-0244,Agência,0.0,3,2022-07-10,2022-07-23,2022-07-26,2022-07-29,2022-07-31,2022-08-03,2023-11-12
CAND-00245,EMP-0245,Agência,0.0,2,2023-08-05,2023-08-16,2023-08-17,2023-08-25,2023-08-29,2023-09-02,2023-07-29
CAND-00246,EMP-0246,Gupy,408.23,5,2023-10-19,2023-10-29,2023-11-03,2023-11-13,2023-11-16,2023-11-21,2022-12-05
CAND-00247,EMP-0247,Indicação Interna,0.0,2,2023-04-25,2023-05-01,2023-05-03,2023-05-07,2023-05-11,2023-05-13,2023-07-29
CAND-00248,EMP-0248,LinkedIn,653.36,6,2024-01-19,2024-01-28,2024-01-31,2024-02-05,2024-02-07,2024-02-10,2023-05-22
CAND-00249,EMP-0249,Site Corporativo,150.46,2,2022-10-30,2022-11-10,2022-11-12,2022-11-17,2022-11-23,2022-11-27,2022-10-12
CAND-00250,EMP-0250,Site Corporativo,0.0,5,2023-03-14,2023-03-24,2023-03-27,2023-03-31,2023-04-05,2023-04-06,2022-07-06
CAND-00251,EMP-0251,Indicação Interna,0.0,6,2022-07-09,2022-07-13,2022-07-17,2022-07-25,2022-07-28,2022-07-29,2022-07-09
CAND-00252,EMP-0252,Agência,0.0,2,2022-09-25,2022-10-03,2022-10-05,2022-10-15,2022-10-19,2022-10-22,2024-02-04
CAND-00253,EMP-0253,LinkedIn,0.0,3,2022-11-06,2022-11-17,2022-11-22,2022-11-25,2022-11-29,2022-12-02,2023-06-16
CAND-00254,EMP-0254,Site Corporativo,0.0,2,2023-12-11,2023-12-16,2023-12-17,2023-12-21,2023-12-26,2023-12-29,2023-03-29
CAND-00255,EMP-0255,Site Corporativo,123.32,6,2022-06-13,2022-06-21,2022-06-26,2022-07-03,2022-07-10,2022-07-11,2023-06-08
CAND-00256,EMP-0256,Agência,0.0,6,2023-10-17,2023-10-23,2023-10-26,2023-11-01,2023-11-04,2023-11-06,2023-05-26
CAND-00257,EMP-0257,Indicação Interna,0.0,2,2023-05-05,2023-05-09,2023-05-13,2023-05-21,2023-05-26,2023-05-31,2023-07-23
CAND-00258,EMP-0258,LinkedIn,0.0,2,2023-04-28,2023-05-12,2023-05-17,2023-05-23,2023-05-26,2023-05-31,2022-05-26
CAND-00259,EMP-0259,Indicação Interna,0.0,5,2022-03-25,2022-04-04,2022-04-08,2022-04-16,2022-04-18,2022-04-23,2024-02-19
CAND-00260,EMP-0260,Indicação Interna,0.0,6,2022-04-25,2022-04-27,2022-05-02,2022-05-08,2022-05-14,2022-05-19,2024-01-30
CAND-00261,EMP-0261,LinkedIn,0.0,5,2022-06-03,2022-06-07,2022-06-10,2022-06-20,2022-06-22,2022-06-24,2024-01-22
CAND-00262,EMP-0262,LinkedIn,0.0,4,2024-01-05,2024-01-16,2024-01-20,2024-01-24,2024-01-30,2024-02-03,2022-07-10
CAND-00263,EMP-0263,Site Corporativo,165.94,6,2022-02-26,2022-03-07,2022-03-09,2022-03-18,2022-03-23,2022-03-28,2022-06-02
CAND-00264,EMP-0264,Site Corporativo,0.0,5,2022-03-01,2022-03-11,2022-03-15,2022-03-22,2022-03-29,2022-03-30,2023-05-18
CAND-00265,EMP-0265,LinkedIn,0.0,5,2023-02-10,2023-02-16,2023-02-17,2023-02-23,2023-03-01,2023-03-02,2023-03-14
CAND-00266,EMP-0266,Gupy,0.0,3,2022-02-16,2022-02-24,2022-02-27,2022-03-03,2022-03-09,2022-03-10,2022-07-21
CAND-00267,EMP-0267,Site Corporativo,146.28,5,2022-03-12,2022-03-21,2022-03-22,2022-03-29,2022-04-03,2022-04-05,2022-12-11
CAND-00268,EMP-0268,Gupy,0.0,6,2022-05-19,2022-06-02,2022-06-06,2022-06-14,2022-06-19,2022-06-23,2022-10-14
CAND-00269,EMP-0269,LinkedIn,0.0,4,2023-01-22,2023-01-30,2023-01-31,2023-02-05,2023-02-12,2023-02-15,2022-10-12
CAND-00270,EMP-0270,Site Corporativo,0.0,4,2022-05-02,2022-05-06,2022-05-11,2022-05-20,2022-05-26,2022-05-28,2023-10-02
CAND-00271,EMP-0271,Indicação Interna,1461.91,5,2024-01-16,2024-01-21,2024-01-22,2024-01-25,2024-01-29,2024-02-02,2023-07-04
CAND-00272,EMP-0272,LinkedIn,714.25,5,2023-11-21,2023-12-04,2023-12-09,2023-12-18,2023-12-24,2023-12-28,2022-08-22
CAND-00273,EMP-0273,Agência,0.0,3,2022-08-24,2022-08-29,2022-09-02,2022-09-10,2022-09-13,2022-09-16,2023-06-07
CAND-00274,EMP-0274,Gupy,439.6,5,2022-07-13,2022-07-26,2022-07-27,2022-07-30,2022-08-06,2022-08-10,2022-10-05
CAND-00275,EMP-0275,LinkedIn,0.0,6,2023-09-22,2023-10-06,2023-10-07,2023-10-13,2023-10-16,2023-10-17,2023-01-11
CAND-00276,EMP-0276,LinkedIn,0.0,4,2022-04-14,2022-04-25,2022-04-26,2022-05-06,2022-05-12,2022-05-13,2023-07-18
CAND-00277,EMP-0277,Site Corporativo,0.0,3,2022-09-08,2022-09-21,2022-09-22,2022-10-01,2022-10-06,2022-10-08,2022-12-12
CAND-00278,EMP-0278,Site Corporativo,0.0,3,2023-07-07,2023-07-12,2023-07-13,2023-07-18,2023-07-24,2023-07-27,2022-06-17
CAND-00279,EMP-0279,Site Corporativo,163.19,4,2022-08-28,2022-09-12,2022-09-17,2022-09-25,2022-10-01,2022-10-06,2023-06-28
CAND-00280,EMP-0280,Agência,0.0,3,2023-11-20,2023-12-05,2023-12-08,2023-12-14,2023-12-18,2023-12-20,2023-10-16
CAND-00281,EMP-0281,Site Corporativo,127.6,5,2023-11-08,2023-11-18,2023-11-20,2023-11-29,2023-12-03,2023-12-06,2022-07-10
CAND-00282,EMP-0282,LinkedIn,653.99,4,2022-03-04,2022-03-14,2022-03-19,2022-03-24,2022-03-31,2022-04-04,2022-05-22
CAND-00283,EMP-0283,Site Corporativo,0.0,3,2023-07-24,2023-08-02,2023-08-03,2023-08-11,2023-08-18,2023-08-22,2024-01-28
CAND-00284,EMP-0284,Indicação Interna,0.0,4,2023-06-22,2023-06-29,2023-07-03,2023-07-12,2023-07-15,2023-07-18,2023-10-06
CAND-00285,EMP-0285,Site Corporativo,137.54,2,2023-01-21,2023-01-25,2023-01-30,2023-02-09,2023-02-12,2023-02-14,2022-04-16
CAND-00286,EMP-0286,Agência,0.0,5,2022-11-04,2022-11-19,2022-11-21,2022-12-01,2022-12-03,2022-12-08,2022-07-05
CAND-00287,EMP-0287,Indicação Interna,0.0,4,2023-02-27,2023-03-07,2023-03-12,2023-03-17,2023-03-22,2023-03-24,2022-11-29
CAND-00288,EMP-0288,LinkedIn,664.58,3,2022-09-19,2022-09-24,2022-09-27,2022-10-01,2022-10-06,2022-10-09,2022-09-18
CAND-00289,EMP-0289,LinkedIn,813.97,2,2022-04-05,2022-04-15,2022-04-17,2022-04-20,2022-04-24,2022-04-28,2023-05-22
CAND-00290,EMP-0290,Gupy,0.0,5,2023-11-21,2023-12-02,2023-12-07,2023-12-10,2023-12-12,2023-12-14,2023-08-11
CAND-00291,EMP-0291,Indicação Interna,0.0,5,2023-08-25,2023-09-07,2023-09-12,2023-09-18,2023-09-23,2023-09-25,2023-08-06
CAND-00292,EMP-0292,Gupy,0.0,6,2022-12-07,2022-12-13,2022-12-14,2022-12-20,2022-12-23,2022-12-24,2022-11-05
CAND-00293,EMP-0293,Indicação Interna,0.0,3,2023-05-06,2023-05-11,2023-05-16,2023-05-22,2023-05-27,2023-05-29,2023-05-16
CAND-00294,EMP-0294,Indicação Interna,1627.88,5,2023-07-20,2023-07-27,2023-07-30,2023-08-08,2023-08-13,2023-08-18,2022-05-31
CAND-00295,EMP-0295,Agência,0.0,3,2023-10-27,2023-11-03,2023-11-06,2023-11-13,2023-11-17,2023-11-22,2022-09-16
CAND-00296,EMP-0296,Gupy,0.0,4,2023-05-25,2023-06-03,2023-06-04,2023-06-14,2023-06-18,2023-06-20,2023-04-24
CAND-00297,EMP-0297,Agência,6368.75,3,2023-01-15,2023-01-22,2023-01-26,2023-01-29,2023-02-04,2023-02-06,2022-04-03
CAND-00298,EMP-0298,Indicação Interna,0.0,5,2022-05-30,2022-06-01,2022-06-04,2022-06-13,2022-06-17,2022-06-19,2023-05-05
CAND-00299,EMP-0299,LinkedIn,863.29,5,2022-07-20,2022-07-27,2022-07-29,2022-08-07,2022-08-13,2022-08-15,2022-12-28
CAND-00300,EMP-0300,Indicação Interna,0.0,5,2023-05-27,2023-06-06,2023-06-09,2023-06-16,2023-06-21,2023-06-25,2023-07-10
CAND-00301,EMP-0301,Agência,6961.02,5,2023-04-17,2023-04-21,2023-04-24,2023-04-29,2023-05-02,2023-05-07,2023-01-18
CAND-00302,EMP-0302,Gupy,0.0,5,2023-05-16,2023-05-20,2023-05-25,2023-05-28,2023-06-03,2023-06-04,2023-06-08
CAND-00303,EMP-0303,Gupy,0.0,5,2022-03-18,2022-04-02,2022-04-03,2022-04-06,2022-04-11,2022-04-13,2023-10-22
CAND-00304,EMP-0304,Agência,5288.53,5,2023-10-08,2023-10-13,2023-10-14,2023-10-19,2023-10-21,2023-10-23,2024-02-07
CAND-00305,EMP-0305,Gupy,476.15,5,2023-06-02,2023-06-11,2023-06-14,2023-06-17,2023-06-23,2023-06-28,2023-08-12
CAND-00306,EMP-0306,Site Corporativo,164.51,4,2023-05-10,2023-05-22,2023-05-26,2023-05-29,2023-05-31,2023-06-05,2022-09-06
CAND-00307,EMP-0307,LinkedIn,759.16,4,2023-07-19,2023-07-27,2023-07-28,2023-07-31,2023-08-06,2023-08-09,2022-10-12
CAND-00308,EMP-0308,LinkedIn,0.0,4,2023-07-03,2023-07-09,2023-07-10,2023-07-19,2023-07-22,2023-07-23,2023-01-29
CAND-00309,EMP-0309,LinkedIn,952.93,5,2022-04-09,2022-04-19,2022-04-21,2022-04-27,2022-04-30,2022-05-05,2022-11-09
CAND-00310,EMP-0310,Gupy,0.0,3,2023-06-24,2023-06-30,2023-07-03,2023-07-10,2023-07-15,2023-07-16,2022-05-30
CAND-00311,EMP-0311,Gupy,0.0,6,2023-01-18,2023-01-26,2023-01-30,2023-02-05,2023-02-12,2023-02-14,2023-11-15
CAND-00312,EMP-0312,Indicação Interna,0.0,3,2022-11-04,2022-11-16,2022-11-17,2022-11-20,2022-11-22,2022-11-26,2023-10-08
CAND-00313,EMP-0313,Indicação Interna,1499.34,3,2023-01-24,2023-02-01,2023-02-06,2023-02-16,2023-02-18,2023-02-19,2022-06-02
CAND-00314,EMP-0314,LinkedIn,728.95,3,2023-12-21,2023-12-25,2023-12-26,2024-01-05,2024-01-10,2024-01-13,2023-02-16
CAND-00315,EMP-0315,Site Corporativo,0.0,3,2023-08-03,2023-08-18,2023-08-19,2023-08-22,2023-08-25,2023-08-27,2022-05-29
CAND-00316,EMP-0316,Indicação Interna,0.0,6,2023-12-10,2023-12-21,2023-12-25,2024-01-01,2024-01-03,2024-01-04,2022-05-22
CAND-00317,EMP-0317,Indicação Interna,1367.46,3,2023-12-02,2023-12-08,2023-12-13,2023-12-16,2023-12-19,2023-12-22,2023-11-20
CAND-00318,EMP-0318,Gupy,0.0,6,2022-01-17,2022-01-22,2022-01-27,2022-02-01,2022-02-08,2022-02-12,2023-08-02
CAND-00319,EMP-0319,Site Corporativo,0.0,4,2022-03-20,2022-03-26,2022-03-28,2022-04-03,2022-04-09,2022-04-13,2023-08-28
CAND-00320,EMP-0320,LinkedIn,0.0,5,2023-11-25,2023-12-05,2023-12-08,2023-12-17,2023-12-24,2023-12-26,2023-09-26
CAND-00321,EMP-0321,Indicação Interna,0.0,6,2023-12-07,2023-12-20,2023-12-21,2023-12-29,2023-12-31,2024-01-01,2022-09-09
CAND-00322,EMP-0322,Site Corporativo,132.34,5,2023-03-24,2023-03-29,2023-03-30,2023-04-07,2023-04-13,2023-04-18,2022-05-29
CAND-00323,EMP-0323,Site Corporativo,145.87,4,2023-09-02,2023-09-10,2023-09-13,2023-09-16,2023-09-23,2023-09-26,2023-09-03
CAND-00324,EMP-0324,LinkedIn,737.65,4,2023-04-07,2023-04-16,2023-04-18,2023-04-26,2023-05-02,2023-05-06,2022-06-22
CAND-00325,EMP-0325,Site Corporativo,0.0,3,2023-03-19,2023-03-23,2023-03-28,2023-04-06,2023-04-08,2023-04-13,2022-10-08
CAND-00326,EMP-0326,Site Corporativo,0.0,5,2022-10-30,2022-11-13,2022-11-15,2022-11-19,2022-11-21,2022-11-24,2022-06-10
CAND-00327,EMP-0327,Site Corporativo,156.52,3,2022-06-07,2022-06-15,2022-06-17,2022-06-26,2022-06-30,2022-07-03,2023-12-01
CAND-00328,EMP-0328,Indicação Interna,0.0,5,2022-04-20,2022-04-23,2022-04-24,2022-05-01,2022-05-06,2022-05-09,2022-06-09
CAND-00329,EMP-0329,LinkedIn,0.0,2,2022-10-04,2022-10-07,2022-10-09,2022-10-13,2022-10-16,2022-10-20,2024-02-21
CAND-00330,EMP-0330,Site Corporativo,0.0,6,2023-04-05,2023-04-15,2023-04-20,2023-04-29,2023-05-01,2023-05-02,2022-11-27
CAND-00331,EMP-0331,Site Corporativo,0.0,5,2022-04-02,2022-04-09,2022-04-14,2022-04-18,2022-04-24,2022-04-29,2023-05-19
CAND-00332,EMP-0332,Indicação Interna,0.0,4,2022-11-29,2022-12-14,2022-12-18,2022-12-21,2022-12-25,2022-12-29,2022-08-01
CAND-00333,EMP-0333,LinkedIn,0.0,6,2023-02-02,2023-02-16,2023-02-17,2023-02-23,2023-03-01,2023-03-06,2023-11-05
CAND-00334,EMP-0334,Gupy,0.0,5,2022-06-23,2022-07-05,2022-07-09,2022-07-14,2022-07-17,2022-07-20,2022-12-09
CAND-00335,EMP-0335,Indicação Interna,0.0,2,2022-11-05,2022-11-11,2022-11-15,2022-11-20,2022-11-22,2022-11-24,2023-11-14
CAND-00336,EMP-0336,LinkedIn,0.0,3,2023-03-22,2023-03-28,2023-04-01,2023-04-08,2023-04-13,2023-04-14,2023-11-30
CAND-00337,EMP-0337,Site Corporativo,0.0,3,2023-01-05,2023-01-11,2023-01-13,2023-01-23,2023-01-29,2023-02-03,2022-05-11
CAND-00338,EMP-0338,LinkedIn,0.0,4,2022-07-20,2022-07-29,2022-07-30,2022-08-04,2022-08-08,2022-08-09,2023-12-26
CAND-00339,EMP-0339,LinkedIn,0.0,6,2023-02-10,2023-02-17,2023-02-22,2023-03-03,2023-03-07,2023-03-11,2022-06-23
CAND-00340,EMP-0340,LinkedIn,674.95,3,2022-12-09,2022-12-17,2022-12-22,2022-12-27,2022-12-31,2023-01-03,2023-06-04
CAND-00341,EMP-0341,Gupy,0.0,5,2023-09-10,2023-09-23,2023-09-25,2023-10-05,2023-10-09,2023-10-11,2024-02-03
CAND-00342,EMP-0342,LinkedIn,0.0,6,2023-02-12,2023-02-19,2023-02-22,2023-03-04,2023-03-10,2023-03-12,2023-11-19
CAND-00343,EMP-0343,Gupy,0.0,5,2022-11-30,2022-12-08,2022-12-11,2022-12-20,2022-12-24,2022-12-25,2023-10-31
CAND-00344,EMP-0344,Site Corporativo,0.0,3,2023-08-01,2023-08-06,2023-08-11,2023-08-16,2023-08-23,2023-08-28,2023-09-18
CAND-00345,EMP-0345,Gupy,0.0,5,2022-01-28,2022-02-10,2022-02-14,2022-02-20,2022-02-25,2022-02-28,2023-02-18
CAND-00346,EMP-0346,Site Corporativo,0.0,2,2023-12-11,2023-12-14,2023-12-18,2023-12-28,2023-12-31,2024-01-03,2022-12-24
CAND-00347,EMP-0347,Site Corporativo,0.0,3,2022-09-05,2022-09-11,2022-09-13,2022-09-22,2022-09-27,2022-09-28,2022-10-27
CAND-00348,EMP-0348,Gupy,0.0,5,2023-04-05,2023-04-16,2023-04-20,2023-04-29,2023-05-05,2023-05-10,2024-02-15
CAND-00349,EMP-0349,Indicação Interna,0.0,6,2023-12-10,2023-12-18,2023-12-23,2023-12-26,2023-12-30,2024-01-04,2023-02-16
CAND-00350,EMP-0350,Agência,5715.1,3,2023-09-01,2023-09-13,2023-09-14,2023-09-18,2023-09-21,2023-09-24,2022-12-01
CAND-00351,EMP-0351,LinkedIn,0.0,4,2022-06-20,2022-07-02,2022-07-07,2022-07-10,2022-07-16,2022-07-20,2022-12-28
CAND-00352,EMP-0352,Agência,0.0,6,2022-12-06,2022-12-20,2022-12-24,2022-12-28,2022-12-30,2022-12-31,2023-05-11
CAND-00353,EMP-0353,LinkedIn,644.86,3,2022-09-22,2022-09-27,2022-10-02,2022-10-08,2022-10-13,2022-10-16,2022-08-13
CAND-00354,EMP-0354,LinkedIn,0.0,5,2023-02-05,2023-02-14,2023-02-19,2023-02-24,2023-02-28,2023-03-01,2024-02-17
CAND-00355,EMP-0355,Site Corporativo,0.0,6,2023-05-10,2023-05-13,2023-05-16,2023-05-25,2023-05-27,2023-05-28,2024-01-21
CAND-00356,EMP-0356,LinkedIn,719.98,3,2024-01-18,2024-01-22,2024-01-25,2024-02-01,2024-02-05,2024-02-09,2023-02-02
CAND-00357,EMP-0357,LinkedIn,0.0,3,2022-07-31,2022-08-10,2022-08-14,2022-08-22,2022-08-27,2022-08-28,2023-07-13
CAND-00358,EMP-0358,Gupy,0.0,5,2023-03-25,2023-04-07,2023-04-11,2023-04-19,2023-04-21,2023-04-24,2023-02-18
CAND-00359,EMP-0359,Agência,0.0,4,2022-02-15,2022-03-01,2022-03-02,2022-03-05,2022-03-09,2022-03-10,2022-06-14
CAND-00360,EMP-0360,Gupy,0.0,5,2023-11-25,2023-12-09,2023-12-11,2023-12-17,2023-12-23,2023-12-25,2022-04-10
CAND-00361,EMP-0361,LinkedIn,0.0,3,2023-07-20,2023-07-24,2023-07-27,2023-08-05,2023-08-10,2023-08-12,2023-07-14
CAND-00362,EMP-0362,Site Corporativo,0.0,3,2023-02-19,2023-03-03,2023-03-05,2023-03-10,2023-03-17,2023-03-21,2023-12-28
CAND-00363,EMP-0363,Gupy,0.0,5,2023-02-10,2023-02-12,2023-02-17,2023-02-23,2023-02-28,2023-03-05,2023-10-29
CAND-00364,EMP-0364,Gupy,0.0,4,2023-03-16,2023-03-24,2023-03-25,2023-03-31,2023-04-03,2023-04-06,2022-07-12
CAND-00365,EMP-0365,Indicação Interna,0.0,6,2023-12-22,2024-01-05,2024-01-06,2024-01-10,2024-01-16,2024-01-18,2022-06-15
CAND-00366,EMP-0366,LinkedIn,821.9,6,2023-01-10,2023-01-17,2023-01-19,2023-01-29,2023-01-31,2023-02-03,2023-10-03
CAND-00367,EMP-0367,Site Corporativo,0.0,6,2023-11-18,2023-12-03,2023-12-07,2023-12-15,2023-12-21,2023-12-25,2022-11-05
CAND-00368,EMP-0368,Gupy,348.61,2,2023-09-18,2023-09-26,2023-10-01,2023-10-05,2023-10-09,2023-10-12,2023-09-01
CAND-00369,EMP-0369,Gupy,0.0,2,2023-04-14,2023-04-25,2023-04-27,2023-05-04,2023-05-10,2023-05-15,2022-12-28
CAND-00370,EMP-0370,Site Corporativo,0.0,2,2022-03-28,2022-04-09,2022-04-11,2022-04-19,2022-04-21,2022-04-23,2022-08-14
CAND-00371,EMP-0371,LinkedIn,0.0,2,2022-11-09,2022-11-12,2022-11-14,2022-11-22,2022-11-29,2022-12-01,2023-03-24
CAND-00372,EMP-0372,Indicação Interna,0.0,2,2023-06-08,2023-06-16,2023-06-20,2023-06-25,2023-07-01,2023-07-05,2022-06-10
CAND-00373,EMP-0373,Gupy,0.0,2,2023-03-10,2023-03-14,2023-03-18,2023-03-23,2023-03-29,2023-03-31,2022-12-07
CAND-00374,EMP-0374,Indicação Interna,0.0,2,2023-05-17,2023-05-23,2023-05-25,2023-05-30,2023-06-03,2023-06-07,2023-04-14
CAND-00375,EMP-0375,Agência,4940.6,4,2023-09-27,2023-09-29,2023-10-02,2023-10-05,2023-10-10,2023-10-12,2023-01-17
CAND-00376,EMP-0376,LinkedIn,0.0,2,2022-07-19,2022-08-03,2022-08-07,2022-08-17,2022-08-22,2022-08-26,2022-09-09
CAND-00377,EMP-0377,Agência,6264.79,4,2023-03-02,2023-03-15,2023-03-19,2023-03-29,2023-04-01,2023-04-02,2023-06-23
CAND-00378,EMP-0378,Agência,0.0,4,2023-08-02,2023-08-04,2023-08-06,2023-08-13,2023-08-15,2023-08-18,2023-10-09
CAND-00379,EMP-0379,Agência,5231.53,3,2022-08-19,2022-08-29,2022-09-01,2022-09-06,2022-09-11,2022-09-16,2023-02-04
CAND-00380,EMP-0380,LinkedIn,0.0,3,2023-05-23,2023-06-02,2023-06-07,2023-06-11,2023-06-17,2023-06-18,2023-12-18
CAND-00381,EMP-0381,LinkedIn,918.1,3,2022-10-02,2022-10-16,2022-10-21,2022-10-29,2022-11-04,2022-11-05,2024-01-30
CAND-00382,EMP-0382,Site Corporativo,157.82,4,2024-01-07,2024-01-16,2024-01-21,2024-01-27,2024-02-01,2024-02-02,2023-09-24
CAND-00383,EMP-0383,Indicação Interna,1570.77,2,2023-11-01,2023-11-15,2023-11-17,2023-11-24,2023-11-26,2023-11-30,2022-04-09
CAND-00384,EMP-0384,Indicação Interna,1268.67,4,2022-09-27,2022-10-04,2022-10-05,2022-10-15,2022-10-17,2022-10-19,2024-02-13
CAND-00385,EMP-0385,Site Corporativo,161.07,6,2022-08-03,2022-08-17,2022-08-22,2022-08-30,2022-09-06,2022-09-11,2023-10-20
CAND-00386,EMP-0386,Site Corporativo,0.0,4,2023-10-10,2023-10-18,2023-10-20,2023-10-25,2023-10-28,2023-10-30,2023-02-01
CAND-00387,EMP-0387,Agência,0.0,6,2022-03-02,2022-03-13,2022-03-16,2022-03-23,2022-03-29,2022-04-03,2024-02-09
CAND-00388,EMP-0388,Site Corporativo,163.04,5,2022-06-22,2022-06-29,2022-07-02,2022-07-09,2022-07-15,2022-07-18,2022-07-16
CAND-00389,EMP-0389,Gupy,434.33,5,2023-06-11,2023-06-23,2023-06-24,2023-06-29,2023-07-04,2023-07-05,2022-08-16
CAND-00390,EMP-0390,Indicação Interna,1354.47,4,2022-10-11,2022-10-26,2022-10-28,2022-11-02,2022-11-05,2022-11-07,2022-12-27
CAND-00391,EMP-0391,Site Corporativo,0.0,3,2023-12-30,2024-01-06,2024-01-08,2024-01-17,2024-01-22,2024-01-24,2022-07-28
CAND-00392,EMP-0392,Gupy,0.0,4,2023-08-15,2023-08-27,2023-08-30,2023-09-08,2023-09-13,2023-09-17,2022-07-19
CAND-00393,EMP-0393,Gupy,0.0,4,2022-03-19,2022-03-31,2022-04-01,2022-04-10,2022-04-16,2022-04-19,2023-10-19
CAND-00394,EMP-0394,Gupy,0.0,2,2023-12-13,2023-12-20,2023-12-24,2024-01-03,2024-01-07,2024-01-12,2022-09-07
CAND-00395,EMP-0395,Gupy,0.0,6,2022-01-03,2022-01-18,2022-01-19,2022-01-29,2022-02-05,2022-02-08,2023-01-04
CAND-00396,EMP-0396,Agência,0.0,3,2022-03-06,2022-03-20,2022-03-25,2022-04-03,2022-04-06,2022-04-10,2023-01-14
CAND-00397,EMP-0397,Gupy,391.01,3,2022-08-05,2022-08-14,2022-08-17,2022-08-25,2022-08-29,2022-09-01,2023-12-11
CAND-00398,EMP-0398,Agência,0.0,3,2023-07-15,2023-07-26,2023-07-28,2023-08-07,2023-08-11,2023-08-12,2022-11-02
CAND-00399,EMP-0399,Agência,5581.89,5,2022-02-17,2022-02-20,2022-02-24,2022-02-27,2022-03-01,2022-03-03,2023-03-18
CAND-00400,EMP-0400,Gupy,0.0,2,2023-03-28,2023-04-06,2023-04-07,2023-04-16,2023-04-19,2023-04-21,2022-10-26
CAND-00401,EMP-0401,Indicação Interna,0.0,6,2023-10-28,2023-11-03,2023-11-05,2023-11-12,2023-11-14,2023-11-17,2024-03-04
CAND-00402,EMP-0402,Gupy,0.0,6,2022-09-14,2022-09-17,2022-09-20,2022-09-25,2022-09-27,2022-10-01,2024-01-10
CAND-00403,EMP-0403,Gupy,0.0,5,2023-10-03,2023-10-09,2023-10-11,2023-10-20,2023-10-27,2023-10-28,2022-12-27
CAND-00404,EMP-0404,Gupy,0.0,3,2023-12-22,2023-12-25,2023-12-26,2024-01-01,2024-01-06,2024-01-07,2023-08-31
CAND-00405,EMP-0405,Indicação Interna,1395.92,6,2022-05-16,2022-05-27,2022-05-29,2022-06-08,2022-06-10,2022-06-11,2023-08-14
CAND-00406,EMP-0406,LinkedIn,0.0,6,2023-12-14,2023-12-21,2023-12-22,2023-12-31,2024-01-07,2024-01-09,2022-12-14
CAND-00407,EMP-0407,LinkedIn,0.0,5,2023-05-05,2023-05-08,2023-05-10,2023-05-19,2023-05-21,2023-05-22,2022-05-23
CAND-00408,EMP-0408,Agência,0.0,4,2022-04-16,2022-04-23,2022-04-26,2022-05-03,2022-05-06,2022-05-10,2022-07-04
CAND-00409,EMP-0409,Agência,0.0,3,2022-05-17,2022-05-29,2022-05-31,2022-06-04,2022-06-10,2022-06-15,2024-01-10
CAND-00410,EMP-0410,Indicação Interna,0.0,2,2022-01-09,2022-01-20,2022-01-22,2022-02-01,2022-02-05,2022-02-07,2023-06-08
CAND-00411,EMP-0411,Site Corporativo,0.0,3,2023-10-06,2023-10-19,2023-10-21,2023-10-30,2023-11-05,2023-11-09,2023-01-09
CAND-00412,EMP-0412,LinkedIn,0.0,5,2022-08-11,2022-08-14,2022-08-15,2022-08-20,2022-08-22,2022-08-27,2022-05-16
CAND-00413,EMP-0413,Agência,4907.07,2,2024-01-18,2024-01-26,2024-01-29,2024-02-07,2024-02-11,2024-02-13,2022-04-04
CAND-00414,EMP-0414,LinkedIn,0.0,2,2022-09-11,2022-09-17,2022-09-18,2022-09-24,2022-09-30,2022-10-05,2023-03-08
CAND-00415,EMP-0415,Indicação Interna,0.0,3,2023-09-07,2023-09-20,2023-09-25,2023-10-02,2023-10-09,2023-10-10,2022-08-12
CAND-00416,EMP-0416,Indicação Interna,1565.42,5,2023-11-06,2023-11-12,2023-11-14,2023-11-20,2023-11-27,2023-12-01,2024-01-13
CAND-00417,EMP-0417,Site Corporativo,0.0,5,2022-10-30,2022-11-11,2022-11-12,2022-11-18,2022-11-23,2022-11-27,2022-12-25
CAND-00418,EMP-0418,Site Corporativo,0.0,5,2022-04-26,2022-05-01,2022-05-05,2022-05-09,2022-05-15,2022-05-16,2022-09-13
CAND-00419,EMP-0419,Indicação Interna,0.0,5,2023-01-05,2023-01-12,2023-01-14,2023-01-23,2023-01-29,2023-02-02,2023-06-27
CAND-00420,EMP-0420,Agência,0.0,3,2023-01-10,2023-01-20,2023-01-22,2023-02-01,2023-02-03,2023-02-04,2023-10-17
CAND-00421,EMP-0421,LinkedIn,0.0,2,2023-08-25,2023-08-28,2023-08-29,2023-09-05,2023-09-08,2023-09-09,2023-06-12
CAND-00422,EMP-0422,Gupy,0.0,6,2022-03-03,2022-03-17,2022-03-21,2022-03-28,2022-04-04,2022-04-09,2023-10-27
CAND-00423,EMP-0423,Site Corporativo,169.84,4,2023-03-02,2023-03-10,2023-03-14,2023-03-18,2023-03-25,2023-03-30,2022-04-10
CAND-00424,EMP-0424,Gupy,436.2,5,2023-07-05,2023-07-16,2023-07-18,2023-07-25,2023-07-27,2023-07-30,2022-07-24
CAND-00425,EMP-0425,Agência,0.0,6,2022-03-22,2022-04-01,2022-04-03,2022-04-08,2022-04-14,2022-04-17,2022-06-17
CAND-00426,EMP-0426,Site Corporativo,0.0,6,2023-02-05,2023-02-16,2023-02-17,2023-02-24,2023-03-03,2023-03-07,2024-03-08
CAND-00427,EMP-0427,Gupy,332.37,3,2024-01-18,2024-02-02,2024-02-04,2024-02-07,2024-02-10,2024-02-11,2022-08-31
CAND-00428,EMP-0428,Agência,0.0,5,2023-03-21,2023-03-24,2023-03-28,2023-03-31,2023-04-04,2023-04-06,2023-10-11
CAND-00429,EMP-0429,LinkedIn,801.12,2,2022-05-03,2022-05-05,2022-05-07,2022-05-10,2022-05-13,2022-05-17,2022-05-07
CAND-00430,EMP-0430,Agência,0.0,5,2022-12-22,2023-01-01,2023-01-06,2023-01-13,2023-01-16,2023-01-19,2023-04-14
CAND-00431,EMP-0431,Site Corporativo,0.0,6,2022-05-10,2022-05-23,2022-05-26,2022-05-30,2022-06-01,2022-06-04,2023-11-18
CAND-00432,EMP-0432,Indicação Interna,0.0,4,2023-03-16,2023-03-22,2023-03-27,2023-03-31,2023-04-04,2023-04-09,2023-10-18
CAND-00433,EMP-0433,LinkedIn,0.0,4,2023-10-05,2023-10-08,2023-10-12,2023-10-22,2023-10-28,2023-10-31,2022-08-30
CAND-00434,EMP-0434,Gupy,0.0,2,2022-02-26,2022-03-07,2022-03-12,2022-03-17,2022-03-21,2022-03-23,2023-06-15
CAND-00435,EMP-0435,Site Corporativo,0.0,4,2022-09-19,2022-10-03,2022-10-04,2022-10-08,2022-10-11,2022-10-16,2022-08-09
CAND-00436,EMP-0436,Indicação Interna,1483.4,2,2022-01-03,2022-01-05,2022-01-06,2022-01-12,2022-01-14,2022-01-18,2022-05-13
CAND-00437,EMP-0437,Agência,0.0,3,2023-01-08,2023-01-16,2023-01-18,2023-01-23,2023-01-25,2023-01-30,2023-02-10
CAND-00438,EMP-0438,Indicação Interna,0.0,3,2024-01-02,2024-01-15,2024-01-19,2024-01-25,2024-01-29,2024-01-31,2023-04-09
CAND-00439,EMP-0439,Site Corporativo,170.16,6,2023-03-03,2023-03-16,2023-03-19,2023-03-26,2023-03-28,2023-04-02,2022-05-11
CAND-00440,EMP-0440,Site Corporativo,134.64,4,2023-01-17,2023-01-20,2023-01-25,2023-01-28,2023-01-31,2023-02-02,2023-04-02
CAND-00441,EMP-0441,Indicação Interna,1660.59,5,2023-06-13,2023-06-15,2023-06-19,2023-06-23,2023-06-28,2023-07-01,2022-11-02
CAND-00442,EMP-0442,Agência,0.0,3,2022-11-15,2022-11-22,2022-11-23,2022-12-03,2022-12-05,2022-12-08,2024-02-28
CAND-00443,EMP-0443,Indicação Interna,0.0,2,2022-07-25,2022-07-31,2022-08-05,2022-08-12,2022-08-19,2022-08-24,2022-12-12
CAND-00444,EMP-0444,Site Corporativo,0.0,3,2022-09-06,2022-09-15,2022-09-18,2022-09-28,2022-10-01,2022-10-06,2024-02-12
CAND-00445,EMP-0445,Site Corporativo,134.46,4,2022-09-09,2022-09-13,2022-09-14,2022-09-23,2022-09-25,2022-09-27,2022-07-15
CAND-00446,EMP-0446,Gupy,0.0,4,2023-07-09,2023-07-16,2023-07-17,2023-07-25,2023-07-27,2023-07-31,2023-03-29
CAND-00447,EMP-0447,Gupy,0.0,2,2024-01-15,2024-01-21,2024-01-22,2024-01-28,2024-02-03,2024-02-05,2023-10-26
CAND-00448,EMP-0448,LinkedIn,0.0,4,2023-03-06,2023-03-15,2023-03-16,2023-03-21,2023-03-28,2023-03-31,2023-05-22
CAND-00449,EMP-0449,Site Corporativo,0.0,6,2022-04-06,2022-04-08,2022-04-10,2022-04-19,2022-04-26,2022-04-29,2023-12-27
CAND-00450,EMP-0450,Gupy,0.0,5,2023-04-15,2023-04-28,2023-04-29,2023-05-03,2023-05-09,2023-05-11,2022-09-06
CAND-00451,EMP-0451,Indicação Interna,0.0,2,2023-10-15,2023-10-30,2023-11-03,2023-11-07,2023-11-13,2023-11-18,2022-11-29
CAND-00452,EMP-0452,Agência,0.0,6,2022-03-05,2022-03-13,2022-03-15,2022-03-21,2022-03-25,2022-03-28,2022-09-14
CAND-00453,EMP-0453,Indicação Interna,0.0,6,2022-11-19,2022-12-03,2022-12-07,2022-12-15,2022-12-19,2022-12-23,2022-09-29
CAND-00454,EMP-0454,Agência,0.0,5,2022-10-06,2022-10-11,2022-10-12,2022-10-18,2022-10-21,2022-10-26,2023-05-28
CAND-00455,EMP-0455,Gupy,0.0,3,2022-04-22,2022-04-26,2022-04-27,2022-05-02,2022-05-07,2022-05-11,2022-04-26
CAND-00456,EMP-0456,LinkedIn,0.0,4,2022-11-18,2022-11-26,2022-11-27,2022-12-05,2022-12-08,2022-12-12,2022-10-01
CAND-00457,EMP-0457,Indicação Interna,0.0,4,2022-11-12,2022-11-21,2022-11-24,2022-11-28,2022-11-30,2022-12-02,2023-03-07
CAND-00458,EMP-0458,Indicação Interna,1522.57,3,2023-12-04,2023-12-10,2023-12-15,2023-12-18,2023-12-21,2023-12-24,2023-05-27
CAND-00459,EMP-0459,Indicação Interna,0.0,6,2022-06-01,2022-06-04,2022-06-06,2022-06-14,2022-06-19,2022-06-24,2024-02-15
CAND-00460,EMP-0460,Agência,0.0,4,2022-02-20,2022-03-04,2022-03-07,2022-03-14,2022-03-17,2022-03-18,2022-12-11
CAND-00461,EMP-0461,Gupy,0.0,6,2023-02-19,2023-03-06,2023-03-10,2023-03-16,2023-03-18,2023-03-22,2022-12-30
CAND-00462,EMP-0462,Indicação Interna,1356.17,2,2022-04-15,2022-04-29,2022-05-01,2022-05-05,2022-05-07,2022-05-08,2022-09-11
CAND-00463,EMP-0463,Indicação Interna,1388.31,5,2022-08-16,2022-08-20,2022-08-22,2022-08-31,2022-09-04,2022-09-05,2022-07-20
CAND-00464,EMP-0464,LinkedIn,774.73,4,2023-08-20,2023-08-31,2023-09-03,2023-09-07,2023-09-09,2023-09-10,2023-04-27
CAND-00465,EMP-0465,LinkedIn,0.0,3,2022-07-22,2022-08-03,2022-08-07,2022-08-12,2022-08-14,2022-08-17,2022-05-10
CAND-00466,EMP-0466,Gupy,0.0,2,2022-05-06,2022-05-08,2022-05-12,2022-05-15,2022-05-18,2022-05-23,2023-07-26
CAND-00467,EMP-0467,Gupy,0.0,3,2023-03-20,2023-04-04,2023-04-08,2023-04-18,2023-04-20,2023-04-24,2022-11-14
CAND-00468,EMP-0468,Site Corporativo,0.0,4,2023-12-01,2023-12-09,2023-12-11,2023-12-19,2023-12-22,2023-12-24,2022-10-22
CAND-00469,EMP-0469,LinkedIn,0.0,4,2022-10-09,2022-10-15,2022-10-19,2022-10-24,2022-10-26,2022-10-31,2023-07-16
CAND-00470,EMP-0470,Site Corporativo,0.0,5,2023-09-27,2023-10-08,2023-10-10,2023-10-17,2023-10-22,2023-10-26,2023-03-25
CAND-00471,EMP-0471,Agência,5089.89,5,2023-07-18,2023-07-27,2023-07-28,2023-08-01,2023-08-05,2023-08-09,2023-02-07
CAND-00472,EMP-0472,Site Corporativo,153.27,4,2022-05-21,2022-05-29,2022-05-31,2022-06-06,2022-06-13,2022-06-18,2022-11-20
CAND-00473,EMP-0473,Indicação Interna,0.0,2,2022-01-20,2022-01-28,2022-01-31,2022-02-10,2022-02-16,2022-02-20,2022-11-15
CAND-00474,EMP-0474,Site Corporativo,0.0,4,2022-12-19,2022-12-30,2023-01-04,2023-01-12,2023-01-17,2023-01-20,2022-04-25
CAND-00475,EMP-0475,Gupy,325.45,5,2022-07-04,2022-07-06,2022-07-09,2022-07-15,2022-07-17,2022-07-20,2024-02-05
CAND-00476,EMP-0476,Agência,0.0,2,2022-03-01,2022-03-15,2022-03-19,2022-03-27,2022-04-02,2022-04-04,2022-10-15
CAND-00477,EMP-0477,Indicação Interna,0.0,4,2022-06-13,2022-06-16,2022-06-18,2022-06-24,2022-06-28,2022-07-03,2023-05-14
CAND-00478,EMP-0478,Site Corporativo,0.0,6,2022-02-27,2022-03-13,2022-03-15,2022-03-24,2022-03-28,2022-03-30,2023-03-03
CAND-00479,EMP-0479,Agência,6880.51,2,2022-06-30,2022-07-05,2022-07-10,2022-07-18,2022-07-25,2022-07-28,2023-01-11
CAND-00480,EMP-0480,Agência,0.0,3,2023-08-29,2023-08-31,2023-09-03,2023-09-08,2023-09-14,2023-09-16,2022-06-11
CAND-00481,EMP-0481,Indicação Interna,0.0,6,2023-05-20,2023-05-30,2023-06-02,2023-06-07,2023-06-12,2023-06-13,2023-01-11
CAND-00482,EMP-0482,Site Corporativo,0.0,2,2022-04-03,2022-04-05,2022-04-07,2022-04-13,2022-04-15,2022-04-20,2023-03-26
CAND-00483,EMP-0483,Agência,0.0,6,2023-05-05,2023-05-07,2023-05-10,2023-05-16,2023-05-19,2023-05-22,2024-01-17
CAND-00484,EMP-0484,Agência,0.0,2,2024-01-05,2024-01-09,2024-01-12,2024-01-15,2024-01-17,2024-01-19,2023-09-04
CAND-00485,EMP-0485,LinkedIn,0.0,4,2023-08-24,2023-09-06,2023-09-08,2023-09-12,2023-09-18,2023-09-21,2023-05-15
CAND-00486,EMP-0486,Agência,6953.82,5,2022-03-16,2022-03-23,2022-03-27,2022-03-31,2022-04-04,2022-04-07,2024-02-25
CAND-00487,EMP-0487,LinkedIn,0.0,3,2022-11-27,2022-12-01,2022-12-03,2022-12-12,2022-12-19,2022-12-23,2023-10-02
CAND-00488,EMP-0488,Site Corporativo,0.0,5,2023-10-27,2023-11-03,2023-11-05,2023-11-13,2023-11-16,2023-11-21,2023-03-06
CAND-00489,EMP-0489,Site Corporativo,0.0,5,2022-06-29,2022-07-07,2022-07-10,2022-07-17,2022-07-20,2022-07-22,2022-04-29
CAND-00490,EMP-0490,Site Corporativo,0.0,5,2024-01-17,2024-01-19,2024-01-24,2024-02-02,2024-02-08,2024-02-09,2022-07-28
CAND-00491,EMP-0491,Gupy,438.2,2,2022-07-06,2022-07-17,2022-07-20,2022-07-26,2022-08-02,2022-08-07,2022-12-24
CAND-00492,EMP-0492,Site Corporativo,0.0,4,2022-04-17,2022-04-26,2022-04-28,2022-05-06,2022-05-13,2022-05-14,2022-09-30
CAND-00493,EMP-0493,Agência,0.0,5,2022-09-01,2022-09-08,2022-09-11,2022-09-16,2022-09-23,2022-09-24,2023-11-16
CAND-00494,EMP-0494,Indicação Interna,0.0,4,2023-12-27,2024-01-08,2024-01-11,2024-01-21,2024-01-23,2024-01-26,2022-12-28
CAND-00495,EMP-0495,LinkedIn,0.0,4,2022-08-03,2022-08-08,2022-08-09,2022-08-17,2022-08-21,2022-08-22,2022-05-10
CAND-00496,EMP-0496,Gupy,0.0,6,2024-01-08,2024-01-10,2024-01-11,2024-01-20,2024-01-25,2024-01-29,2022-07-21
CAND-00497,EMP-0497,Site Corporativo,148.63,5,2022-06-20,2022-06-28,2022-07-02,2022-07-11,2022-07-15,2022-07-20,2023-12-02
CAND-00498,EMP-0498,Site Corporativo,131.01,5,2023-01-20,2023-01-23,2023-01-27,2023-02-02,2023-02-05,2023-02-09,2023-06-19
CAND-00499,EMP-0499,Indicação Interna,0.0,4,2022-03-17,2022-03-31,2022-04-01,2022-04-08,2022-04-10,2022-04-13,2023-03-20
CAND-00500,EMP-0500,Indicação Interna,0.0,3,2022-09-25,2022-09-28,2022-09-29,2022-10-07,2022-10-10,2022-10-14,2023-02-16
CAND-00501,,Gupy,0.0,0,2022-06-14,2022-06-27,2022-06-28,2022-07-08,,,
CAND-00502,,LinkedIn,926.59,0,2023-03-18,2023-03-30,2023-04-03,2023-04-07,,,
CAND-00503,,Site Corporativo,0.0,4,2022-07-14,2022-07-22,2022-07-27,2022-08-03,2022-08-05,2022-08-10,
CAND-00504,,Gupy,0.0,4,2023-07-17,2023-08-01,2023-08-02,2023-08-11,2023-08-18,2023-08-22,
CAND-00505,,Agência,0.0,0,2022-07-24,2022-07-27,2022-07-29,,,,
CAND-00506,,Agência,0.0,0,2022-03-25,2022-04-03,,,,,
CAND-00507,,Gupy,0.0,0,2022-11-12,2022-11-26,2022-11-30,,,,
CAND-00508,,Site Corporativo,0.0,0,2022-09-29,2022-10-02,2022-10-06,2022-10-15,,,
CAND-00509,,Gupy,0.0,0,2023-04-02,2023-04-04,2023-04-08,2023-04-15,,,
CAND-00510,,Site Corporativo,0.0,0,2022-06-04,2022-06-18,2022-06-19,2022-06-27,,,
CAND-00511,,Indicação Interna,1378.41,0,2023-02-28,2023-03-14,2023-03-19,2023-03-28,,,
CAND-00512,,Gupy,0.0,0,2023-03-05,2023-03-15,2023-03-19,,,,
CAND-00513,,Site Corporativo,0.0,0,2022-08-30,2022-09-08,2022-09-12,,,,
CAND-00514,,Gupy,0.0,0,2024-01-02,2024-01-04,2024-01-09,,,,
CAND-00515,,Gupy,0.0,0,2023-11-25,2023-12-06,2023-12-10,2023-12-15,,,
CAND-00516,,Site Corporativo,0.0,0,2022-07-17,2022-07-21,2022-07-22,,,,
CAND-00517,,Site Corporativo,0.0,0,2023-03-22,2023-03-27,,,,,
CAND-00518,,LinkedIn,0.0,0,2023-10-05,2023-10-09,,,,,
CAND-00519,,Gupy,0.0,0,2022-09-22,2022-09-29,,,,,
CAND-00520,,Agência,5143.67,0,2022-03-10,2022-03-13,2022-03-17,,,,
CAND-00521,,Gupy,0.0,0,2022-10-10,2022-10-20,2022-10-21,,,,
CAND-00522,,Gupy,0.0,6,2023-10-01,2023-10-12,2023-10-16,2023-10-21,2023-10-27,2023-10-28,
CAND-00523,,Site Corporativo,0.0,0,2022-04-19,2022-04-30,,,,,
CAND-00524,,Gupy,403.06,0,2022-10-20,2022-11-04,2022-11-07,,,,
CAND-00525,,Gupy,0.0,0,2022-09-28,2022-10-06,2022-10-11,,,,
CAND-00526,,Agência,0.0,0,2022-02-08,2022-02-12,2022-02-14,,,,
CAND-00527,,Site Corporativo,137.09,0,2023-11-29,2023-12-12,2023-12-16,,,,
CAND-00528,,Gupy,363.82,0,2022-12-06,2022-12-19,2022-12-23,,,,
CAND-00529,,Indicação Interna,0.0,0,2023-01-17,2023-01-19,2023-01-22,2023-02-01,,,
CAND-00530,,LinkedIn,0.0,0,2023-12-03,2023-12-06,,,,,
CAND-00531,,Agência,7002.46,0,2022-08-22,2022-08-26,2022-08-30,,,,
CAND-00532,,Gupy,0.0,0,2022-11-25,2022-12-01,,,,,
CAND-00533,,Indicação Interna,0.0,0,2023-09-12,2023-09-24,2023-09-28,2023-10-07,,,
CAND-00534,,Gupy,0.0,0,2023-06-13,2023-06-28,2023-06-29,,,,
CAND-00535,,Gupy,0.0,3,2022-06-12,2022-06-15,2022-06-20,2022-06-23,2022-06-26,,
CAND-00536,,Site Corporativo,132.41,0,2022-09-13,2022-09-15,2022-09-18,,,,
CAND-00537,,Site Corporativo,0.0,0,2022-10-08,2022-10-15,,,,,
CAND-00538,,Site Corporativo,0.0,0,2023-06-02,2023-06-10,2023-06-11,,,,
CAND-00539,,Indicação Interna,1741.52,0,2022-09-05,2022-09-12,2022-09-16,2022-09-26,,,
CAND-00540,,Gupy,0.0,0,2022-12-25,2023-01-01,2023-01-04,,,,
CAND-00541,,LinkedIn,0.0,0,2023-12-07,2023-12-10,2023-12-14,2023-12-20,,,
CAND-00542,,Agência,0.0,0,2023-10-25,2023-10-30,2023-11-02,,,,
CAND-00543,,Site Corporativo,169.95,0,2023-06-10,2023-06-12,,,,,
CAND-00544,,Site Corporativo,132.19,0,2023-11-30,2023-12-02,2023-12-04,,,,
CAND-00545,,Gupy,0.0,0,2023-09-08,2023-09-22,2023-09-25,,,,
CAND-00546,,Gupy,0.0,0,2022-11-09,2022-11-22,,,,,
CAND-00547,,Indicação Interna,0.0,0,2023-10-21,2023-10-27,2023-10-31,,,,
CAND-00548,,Indicação Interna,0.0,0,2023-04-16,2023-04-22,2023-04-25,,,,
CAND-00549,,Site Corporativo,0.0,0,2023-10-01,2023-10-09,2023-10-10,,,,
CAND-00550,,Gupy,337.54,0,2023-11-10,2023-11-25,,,,,
CAND-00551,,LinkedIn,0.0,0,2023-07-29,2023-08-10,2023-08-13,2023-08-17,,,
CAND-00552,,Agência,0.0,5,2022-12-11,2022-12-17,2022-12-20,2022-12-27,2023-01-02,2023-01-03,
CAND-00553,,Gupy,0.0,0,2023-09-07,2023-09-15,2023-09-17,,,,
CAND-00554,,Gupy,0.0,0,2023-11-03,2023-11-12,,,,,
CAND-00555,,Indicação Interna,1718.7,0,2022-09-23,2022-10-01,2022-10-02,,,,
CAND-00556,,Agência,0.0,0,2023-08-09,2023-08-24,2023-08-26,,,,
CAND-00557,,Site Corporativo,0.0,0,2023-10-16,2023-10-30,2023-11-02,,,,
CAND-00558,,Gupy,376.6,0,2022-06-24,2022-07-09,2022-07-14,2022-07-18,,,
CAND-00559,,Site Corporativo,167.6,0,2022-09-22,2022-10-05,,,,,
CAND-00560,,Gupy,0.0,0,2022-07-07,2022-07-19,,,,,
CAND-00561,,Site Corporativo,0.0,0,2023-11-02,2023-11-05,2023-11-07,,,,
CAND-00562,,Agência,0.0,0,2022-11-11,2022-11-19,,,,,
CAND-00563,,Indicação Interna,1578.37,0,2022-12-06,2022-12-13,2022-12-16,2022-12-20,,,
CAND-00564,,Agência,0.0,0,2023-10-12,2023-10-23,2023-10-28,2023-11-03,,,
CAND-00565,,LinkedIn,0.0,4,2023-11-29,2023-12-07,2023-12-11,2023-12-16,2023-12-19,2023-12-24,
CAND-00566,,Indicação Interna,0.0,0,2023-04-14,2023-04-18,2023-04-20,,,,
CAND-00567,,Agência,0.0,4,2023-05-15,2023-05-22,2023-05-24,2023-05-27,2023-05-31,2023-06-02,
CAND-00568,,LinkedIn,0.0,0,2023-08-14,2023-08-28,2023-08-29,2023-09-07,,,
CAND-00569,,Gupy,0.0,0,2023-02-18,2023-02-26,,,,,
CAND-00570,,Gupy,0.0,0,2023-01-28,2023-01-30,2023-02-01,,,,
CAND-00571,,Site Corporativo,0.0,0,2022-01-15,2022-01-22,,,,,
CAND-00572,,Indicação Interna,0.0,0,2023-06-28,2023-07-03,2023-07-04,,,,
CAND-00573,,Gupy,0.0,0,2022-09-12,2022-09-17,2022-09-20,2022-09-24,,,
CAND-00574,,Indicação Interna,0.0,0,2023-08-26,2023-09-01,2023-09-02,2023-09-09,,,
CAND-00575,,Gupy,0.0,0,2023-06-17,2023-06-28,2023-07-02,,,,
CAND-00576,,Site Corporativo,158.07,0,2022-05-18,2022-05-25,,,,,
CAND-00577,,Agência,5128.5,0,2023-05-17,2023-05-24,,,,,
CAND-00578,,Site Corporativo,0.0,2,2022-06-18,2022-07-02,2022-07-04,2022-07-09,2022-07-11,2022-07-13,
CAND-00579,,LinkedIn,0.0,0,2022-05-07,2022-05-14,,,,,
CAND-00580,,Gupy,0.0,0,2022-02-08,2022-02-16,,,,,
CAND-00581,,LinkedIn,688.46,0,2022-09-19,2022-10-03,2022-10-04,,,,
CAND-00582,,LinkedIn,0.0,0,2022-02-19,2022-03-03,2022-03-04,2022-03-08,,,
CAND-00583,,Indicação Interna,0.0,0,2023-01-25,2023-01-28,2023-02-01,,,,
CAND-00584,,Gupy,351.77,0,2022-07-30,2022-08-12,2022-08-13,2022-08-17,,,
CAND-00585,,LinkedIn,0.0,0,2022-10-04,2022-10-15,2022-10-17,2022-10-21,,,
CAND-00586,,Agência,0.0,0,2023-09-25,2023-09-28,2023-09-29,2023-10-05,,,
CAND-00587,,LinkedIn,0.0,0,2023-06-20,2023-06-25,2023-06-29,2023-07-02,,,
CAND-00588,,Agência,0.0,0,2022-08-01,2022-08-14,,,,,
CAND-00589,,Indicação Interna,1240.36,0,2022-12-05,2022-12-10,2022-12-11,,,,
CAND-00590,,LinkedIn,0.0,0,2023-08-11,2023-08-23,2023-08-24,,,,
CAND-00591,,Site Corporativo,130.69,0,2022-03-18,2022-03-31,,,,,
CAND-00592,,Indicação Interna,0.0,5,2022-09-20,2022-10-02,2022-10-05,2022-10-08,2022-10-11,,
CAND-00593,,Agência,5712.7,0,2022-10-25,2022-11-01,,,,,
CAND-00594,,Indicação Interna,0.0,0,2022-11-17,2022-11-25,,,,,
CAND-00595,,LinkedIn,0.0,0,2022-04-08,2022-04-23,,,,,
CAND-00596,,Gupy,0.0,0,2022-02-16,2022-02-18,,,,,
CAND-00597,,Gupy,0.0,0,2023-11-11,2023-11-23,2023-11-26,,,,
CAND-00598,,Agência,5520.24,0,2023-09-29,2023-10-05,,,,,
CAND-00599,,Agência,5501.08,0,2022-04-06,2022-04-13,,,,,
CAND-00600,,Gupy,0.0,0,2022-07-07,2022-07-10,2022-07-14,2022-07-23,,,
CAND-00601,,Agência,0.0,0,2023-05-05,2023-05-19,2023-05-21,2023-05-24,,,
CAND-00602,,Indicação Interna,0.0,2,2022-06-13,2022-06-16,2022-06-21,2022-07-01,2022-07-06,2022-07-11,
CAND-00603,,Site Corporativo,0.0,4,2022-01-30,2022-02-14,2022-02-16,2022-02-26,2022-03-03,2022-03-04,
CAND-00604,,Site Corporativo,0.0,0,2022-09-25,2022-10-07,2022-10-12,,,,
CAND-00605,,Indicação Interna,1267.42,0,2023-08-14,2023-08-27,2023-08-30,,,,
CAND-00606,,Site Corporativo,0.0,0,2023-12-06,2023-12-19,2023-12-23,,,,
CAND-00607,,LinkedIn,0.0,6,2022-09-12,2022-09-21,2022-09-25,2022-09-28,2022-10-01,2022-10-05,
CAND-00608,,Indicação Interna,1781.62,0,2023-05-23,2023-06-07,2023-06-11,2023-06-19,,,
CAND-00609,,Agência,0.0,2,2022-02-21,2022-03-03,2022-03-07,2022-03-13,2022-03-18,,
CAND-00610,,Indicação Interna,0.0,0,2023-04-04,2023-04-07,,,,,
CAND-00611,,Gupy,394.36,0,2023-04-03,2023-04-10,2023-04-14,,,,
CAND-00612,,Agência,0.0,0,2022-01-19,2022-01-22,2022-01-23,,,,
CAND-00613,,Gupy,431.51,0,2022-01-01,2022-01-16,2022-01-21,,,,
CAND-00614,,Agência,0.0,0,2023-10-15,2023-10-21,,,,,
CAND-00615,,Site Corporativo,0.0,0,2023-07-30,2023-08-04,2023-08-08,,,,
CAND-00616,,Indicação Interna,0.0,0,2023-01-08,2023-01-23,2023-01-25,,,,
CAND-00617,,LinkedIn,0.0,0,2022-12-06,2022-12-16,,,,,
CAND-00618,,Agência,0.0,0,2023-09-07,2023-09-16,,,,,
CAND-00619,,Agência,0.0,0,2023-01-08,2023-01-21,2023-01-22,,,,
CAND-00620,,Gupy,366.55,0,2022-08-16,2022-08-18,2022-08-21,,,,
CAND-00621,,Site Corporativo,0.0,2,2023-01-18,2023-01-31,2023-02-02,2023-02-11,2023-02-17,2023-02-18,
CAND-00622,,Gupy,0.0,0,2023-02-07,2023-02-12,2023-02-14,,,,
CAND-00623,,Gupy,0.0,0,2022-04-21,2022-05-05,2022-05-10,2022-05-20,,,
CAND-00624,,Site Corporativo,166.31,0,2023-08-27,2023-09-06,2023-09-10,2023-09-13,,,
CAND-00625,,LinkedIn,741.64,0,2023-03-20,2023-04-04,2023-04-09,,,,
CAND-00626,,Gupy,0.0,0,2022-07-01,2022-07-14,2022-07-16,2022-07-24,,,
CAND-00627,,Gupy,0.0,0,2023-01-29,2023-02-06,,,,,
CAND-00628,,Agência,0.0,0,2023-12-11,2023-12-25,2023-12-29,,,,
CAND-00629,,Site Corporativo,0.0,0,2022-10-29,2022-11-07,,,,,
CAND-00630,,Indicação Interna,1636.91,0,2022-05-22,2022-05-30,2022-06-04,2022-06-12,,,
CAND-00631,,LinkedIn,0.0,0,2023-07-21,2023-08-02,2023-08-04,,,,
CAND-00632,,LinkedIn,0.0,0,2022-10-25,2022-11-06,2022-11-08,,,,
CAND-00633,,Site Corporativo,0.0,0,2023-10-28,2023-11-01,2023-11-04,,,,
CAND-00634,,Agência,0.0,0,2022-12-27,2023-01-06,2023-01-11,,,,
CAND-00635,,Agência,0.0,0,2023-12-29,2024-01-06,2024-01-11,2024-01-20,,,
CAND-00636,,Site Corporativo,132.37,3,2023-06-20,2023-06-23,2023-06-25,2023-06-28,2023-07-01,,
CAND-00637,,Agência,0.0,0,2023-12-01,2023-12-07,2023-12-08,,,,
CAND-00638,,LinkedIn,0.0,0,2022-10-30,2022-11-04,,,,,
CAND-00639,,LinkedIn,0.0,0,2022-02-03,2022-02-10,,,,,
CAND-00640,,Indicação Interna,0.0,0,2022-04-15,2022-04-26,,,,,
CAND-00641,,Site Corporativo,0.0,0,2023-07-30,2023-08-14,2023-08-19,2023-08-26,,,
CAND-00642,,Gupy,435.56,0,2022-02-18,2022-02-26,2022-03-01,,,,
CAND-00643,,Gupy,0.0,0,2022-02-25,2022-02-27,,,,,
CAND-00644,,Indicação Interna,1622.84,0,2022-07-27,2022-08-07,,,,,
CAND-00645,,Indicação Interna,0.0,0,2023-03-30,2023-04-14,2023-04-17,,,,
CAND-00646,,Agência,0.0,0,2023-07-14,2023-07-27,2023-07-29,2023-08-03,,,
CAND-00647,,Indicação Interna,0.0,0,2022-03-18,2022-03-22,,,,,
CAND-00648,,Indicação Interna,0.0,2,2023-06-11,2023-06-14,2023-06-18,2023-06-25,2023-07-01,,
CAND-00649,,Gupy,0.0,0,2022-01-06,2022-01-13,2022-01-15,2022-01-23,,,
CAND-00650,,Agência,0.0,0,2023-10-03,2023-10-14,,,,,
CAND-00651,,Indicação Interna,1294.2,0,2022-11-05,2022-11-14,,,,,
CAND-00652,,Indicação Interna,0.0,0,2023-07-18,2023-07-25,2023-07-28,,,,
CAND-00653,,Agência,0.0,3,2022-07-08,2022-07-18,2022-07-23,2022-08-01,2022-08-04,,
CAND-00654,,Site Corporativo,168.08,0,2023-11-11,2023-11-18,2023-11-21,2023-12-01,,,
CAND-00655,,Agência,0.0,0,2023-10-27,2023-10-29,2023-11-01,2023-11-07,,,
CAND-00656,,Gupy,0.0,2,2023-11-30,2023-12-07,2023-12-08,2023-12-15,2023-12-21,,
CAND-00657,,Site Corporativo,164.0,0,2023-01-19,2023-01-29,,,,,
CAND-00658,,LinkedIn,0.0,0,2023-04-02,2023-04-11,2023-04-13,2023-04-17,,,
CAND-00659,,Agência,4848.07,0,2022-06-21,2022-07-05,2022-07-06,,,,
CAND-00660,,Gupy,0.0,0,2022-08-04,2022-08-16,2022-08-18,,,,
CAND-00661,,Site Corporativo,143.88,0,2023-03-11,2023-03-26,2023-03-31,,,,
CAND-00662,,Agência,0.0,0,2023-03-22,2023-04-03,,,,,
CAND-00663,,Indicação Interna,1380.88,3,2022-03-15,2022-03-28,2022-03-29,2022-04-06,2022-04-08,2022-04-11,
CAND-00664,,Agência,6653.79,0,2023-07-26,2023-07-29,2023-07-31,,,,
CAND-00665,,LinkedIn,727.19,0,2023-02-22,2023-03-02,2023-03-06,2023-03-09,,,
CAND-00666,,Agência,6681.73,0,2022-05-02,2022-05-12,2022-05-17,2022-05-20,,,
CAND-00667,,Site Corporativo,0.0,0,2022-03-16,2022-03-23,,,,,
CAND-00668,,Site Corporativo,164.43,0,2022-04-19,2022-04-25,,,,,
CAND-00669,,Agência,5003.8,0,2022-11-05,2022-11-16,2022-11-20,2022-11-23,,,
CAND-00670,,Site Corporativo,163.33,0,2023-07-01,2023-07-06,2023-07-10,,,,
CAND-00671,,Indicação Interna,0.0,0,2023-07-13,2023-07-19,,,,,
CAND-00672,,Agência,0.0,0,2022-05-28,2022-06-03,2022-06-06,,,,
CAND-00673,,Indicação Interna,1698.15,0,2022-01-12,2022-01-22,,,,,
CAND-00674,,Indicação Interna,0.0,0,2022-05-25,2022-05-28,2022-06-02,,,,
CAND-00675,,Gupy,437.74,0,2023-07-05,2023-07-15,,,,,
CAND-00676,,Agência,0.0,0,2022-11-09,2022-11-14,,,,,
CAND-00677,,Site Corporativo,156.34,4,2024-01-14,2024-01-21,2024-01-26,2024-01-31,2024-02-04,2024-02-06,
CAND-00678,,Indicação Interna,0.0,0,2023-11-19,2023-12-03,2023-12-04,,,,
CAND-00679,,Gupy,0.0,2,2023-07-17,2023-07-26,2023-07-27,2023-07-31,2023-08-03,2023-08-07,
CAND-00680,,Agência,0.0,0,2022-12-05,2022-12-12,2022-12-14,2022-12-18,,,
CAND-00681,,Agência,5457.72,0,2022-11-22,2022-12-01,2022-12-06,,,,
CAND-00682,,LinkedIn,724.57,0,2023-12-12,2023-12-23,2023-12-28,2024-01-05,,,
CAND-00683,,LinkedIn,0.0,0,2022-06-22,2022-06-24,2022-06-26,,,,
CAND-00684,,Indicação Interna,0.0,0,2023-10-19,2023-10-27,2023-10-30,2023-11-07,,,
CAND-00685,,LinkedIn,669.78,3,2023-04-19,2023-04-28,2023-05-01,2023-05-05,2023-05-11,2023-05-14,
CAND-00686,,Indicação Interna,0.0,0,2022-05-24,2022-06-03,2022-06-04,,,,
CAND-00687,,Site Corporativo,0.0,0,2022-01-20,2022-02-04,2022-02-05,,,,
CAND-00688,,Indicação Interna,0.0,0,2023-08-16,2023-08-24,,,,,
CAND-00689,,LinkedIn,0.0,0,2022-08-06,2022-08-08,2022-08-13,,,,
CAND-00690,,Site Corporativo,0.0,0,2023-07-07,2023-07-16,2023-07-18,2023-07-24,,,
CAND-00691,,LinkedIn,645.51,0,2023-08-27,2023-09-09,,,,,
CAND-00692,,Indicação Interna,0.0,0,2022-05-18,2022-05-27,2022-05-28,2022-05-31,,,
CAND-00693,,Gupy,0.0,6,2023-09-21,2023-10-03,2023-10-08,2023-10-13,2023-10-19,2023-10-21,
CAND-00694,,Agência,0.0,0,2024-01-20,2024-01-29,,,,,
CAND-00695,,LinkedIn,0.0,0,2022-02-11,2022-02-16,,,,,
CAND-00696,,Indicação Interna,1334.44,0,2022-08-26,2022-08-29,2022-08-31,2022-09-06,,,
CAND-00697,,Site Corporativo,0.0,0,2023-01-05,2023-01-13,2023-01-17,,,,
CAND-00698,,LinkedIn,0.0,0,2022-02-10,2022-02-22,2022-02-27,,,,
CAND-00699,,LinkedIn,758.34,0,2022-10-08,2022-10-23,,,,,
CAND-00700,,Agência,0.0,0,2023-08-16,2023-08-26,2023-08-30,,,,
CAND-00701,,Indicação Interna,0.0,0,2023-01-10,2023-01-21,2023-01-22,,,,
CAND-00702,,Gupy,0.0,0,2023-01-21,2023-01-26,2023-01-29,,,,
CAND-00703,,Site Corporativo,0.0,0,2022-12-20,2022-12-29,,,,,
CAND-00704,,Indicação Interna,0.0,3,2023-09-11,2023-09-13,2023-09-15,2023-09-21,2023-09-28,2023-09-30,
CAND-00705,,Site Corporativo,130.16,0,2022-07-11,2022-07-15,2022-07-16,,,,
CAND-00706,,LinkedIn,0.0,0,2023-03-01,2023-03-15,2023-03-16,2023-03-26,,,
CAND-00707,,Agência,0.0,2,2023-08-28,2023-09-01,2023-09-05,2023-09-08,2023-09-14,2023-09-19,
CAND-00708,,Agência,5139.19,0,2022-02-10,2022-02-21,2022-02-23,2022-02-28,,,
CAND-00709,,Gupy,0.0,0,2023-02-20,2023-03-03,,,,,
CAND-00710,,Agência,0.0,0,2023-10-15,2023-10-17,,,,,
CAND-00711,,LinkedIn,0.0,0,2024-01-16,2024-01-28,,,,,
CAND-00712,,Gupy,0.0,0,2022-03-29,2022-04-03,2022-04-07,,,,
CAND-00713,,Indicação Interna,1660.45,0,2022-06-24,2022-06-29,,,,,
CAND-00714,,Agência,5547.49,0,2023-09-08,2023-09-12,,,,,
CAND-00715,,Gupy,0.0,0,2022-07-06,2022-07-17,2022-07-20,2022-07-28,,,
CAND-00716,,LinkedIn,742.86,2,2023-09-03,2023-09-14,2023-09-18,2023-09-22,2023-09-28,,
CAND-00717,,Site Corporativo,0.0,0,2023-06-01,2023-06-13,2023-06-15,,,,
CAND-00718,,Site Corporativo,0.0,0,2022-07-01,2022-07-10,,,,,
CAND-00719,,LinkedIn,860.93,0,2023-09-07,2023-09-09,,,,,
CAND-00720,,LinkedIn,0.0,0,2023-06-29,2023-07-09,,,,,
CAND-00721,,Site Corporativo,0.0,0,2022-04-06,2022-04-15,2022-04-20,,,,
CAND-00722,,Gupy,0.0,0,2022-01-02,2022-01-16,2022-01-20,,,,
CAND-00723,,Site Corporativo,0.0,0,2023-01-15,2023-01-30,2023-02-04,2023-02-14,,,
CAND-00724,,LinkedIn,0.0,2,2023-01-26,2023-02-02,2023-02-07,2023-02-12,2023-02-15,,
CAND-00725,,Agência,0.0,2,2022-03-27,2022-04-02,2022-04-07,2022-04-13,2022-04-20,2022-04-25,
CAND-00726,,Indicação Interna,0.0,0,2023-06-20,2023-06-23,2023-06-27,,,,
CAND-00727,,Agência,0.0,0,2023-12-06,2023-12-20,2023-12-23,2024-01-01,,,
CAND-00728,,Agência,0.0,0,2022-09-17,2022-09-23,,,,,
CAND-00729,,LinkedIn,0.0,0,2023-03-10,2023-03-21,2023-03-24,,,,
CAND-00730,,Site Corporativo,126.3,0,2023-02-11,2023-02-25,2023-03-02,,,,
CAND-00731,,Gupy,0.0,0,2023-05-10,2023-05-14,2023-05-19,2023-05-26,,,
CAND-00732,,Agência,0.0,0,2023-12-24,2024-01-01,,,,,
CAND-00733,,Site Corporativo,0.0,0,2023-11-07,2023-11-10,,,,,
CAND-00734,,Gupy,439.7,0,2023-04-03,2023-04-17,2023-04-19,2023-04-28,,,
CAND-00735,,Agência,5850.24,0,2023-07-18,2023-07-29,2023-07-30,2023-08-02,,,
CAND-00736,,Gupy,0.0,0,2022-05-29,2022-06-07,,,,,
CAND-00737,,Site Corporativo,145.45,0,2023-03-22,2023-03-25,2023-03-27,2023-03-30,,,
CAND-00738,,Indicação Interna,1681.89,0,2023-02-15,2023-02-26,2023-03-01,,,,
CAND-00739,,Site Corporativo,0.0,0,2023-09-04,2023-09-06,,,,,
CAND-00740,,LinkedIn,0.0,4,2022-06-29,2022-07-11,2022-07-12,2022-07-19,2022-07-25,2022-07-27,
CAND-00741,,Gupy,0.0,0,2023-09-22,2023-09-26,2023-09-29,2023-10-02,,,
CAND-00742,,Indicação Interna,0.0,0,2022-03-30,2022-04-05,,,,,
CAND-00743,,Gupy,389.68,0,2022-12-28,2023-01-09,2023-01-14,2023-01-17,,,
CAND-00744,,Gupy,467.52,0,2022-03-12,2022-03-15,2022-03-20,,,,
CAND-00745,,Agência,0.0,0,2022-12-23,2022-12-30,,,,,
CAND-00746,,LinkedIn,0.0,0,2022-10-11,2022-10-16,2022-10-18,2022-10-27,,,
CAND-00747,,Gupy,0.0,0,2022-09-25,2022-09-29,2022-09-30,,,,
CAND-00748,,Site Corporativo,0.0,0,2023-05-31,2023-06-06,2023-06-07,,,,
CAND-00749,,Site Corporativo,0.0,0,2022-09-21,2022-10-01,,,,,
CAND-00750,,Agência,6055.8,0,2023-08-12,2023-08-18,2023-08-22,,,,
CAND-00751,,LinkedIn,836.48,0,2022-09-07,2022-09-21,2022-09-25,,,,
CAND-00752,,LinkedIn,0.0,0,2023-08-24,2023-09-08,2023-09-09,2023-09-18,,,
CAND-00753,,Site Corporativo,0.0,0,2022-08-14,2022-08-26,,,,,
CAND-00754,,Indicação Interna,1477.73,0,2022-11-20,2022-11-28,,,,,
CAND-00755,,Agência,0.0,0,2023-06-13,2023-06-23,2023-06-26,2023-06-30,,,
CAND-00756,,Agência,0.0,6,2022-12-17,2022-12-20,2022-12-22,2022-12-30,2023-01-05,2023-01-07,
CAND-00757,,Site Corporativo,0.0,0,2023-05-26,2023-06-08,2023-06-10,,,,
CAND-00758,,Site Corporativo,0.0,0,2022-07-31,2022-08-05,2022-08-07,,,,
CAND-00759,,Indicação Interna,1514.63,0,2022-12-31,2023-01-04,,,,,
CAND-00760,,Indicação Interna,0.0,0,2022-05-03,2022-05-06,2022-05-10,,,,
CAND-00761,,LinkedIn,773.22,0,2023-07-09,2023-07-11,,,,,
CAND-00762,,Agência,4960.92,0,2023-01-16,2023-01-27,2023-02-01,,,,
CAND-00763,,Agência,0.0,0,2023-05-18,2023-05-22,,,,,
CAND-00764,,Site Corporativo,0.0,0,2023-06-08,2023-06-14,2023-06-19,2023-06-28,,,
CAND-00765,,LinkedIn,862.09,0,2023-07-08,2023-07-10,2023-07-14,,,,
CAND-00766,,Agência,0.0,0,2022-06-28,2022-07-07,,,,,
CAND-00767,,LinkedIn,0.0,0,2023-12-17,2023-12-27,2023-12-28,2024-01-03,,,
CAND-00768,,LinkedIn,789.98,2,2022-04-14,2022-04-21,2022-04-24,2022-05-01,2022-05-06,,
CAND-00769,,Site Corporativo,141.03,0,2022-12-18,2022-12-25,2022-12-29,2023-01-06,,,
CAND-00770,,LinkedIn,0.0,0,2023-02-15,2023-02-21,2023-02-26,2023-03-04,,,
CAND-00771,,Indicação Interna,1577.29,0,2024-01-09,2024-01-15,,,,,
CAND-00772,,Indicação Interna,0.0,0,2023-07-23,2023-07-31,,,,,
CAND-00773,,Gupy,451.32,0,2022-07-20,2022-07-24,,,,,
CAND-00774,,Site Corporativo,0.0,0,2022-06-03,2022-06-12,,,,,
CAND-00775,,Gupy,0.0,0,2022-06-30,2022-07-08,2022-07-13,,,,
CAND-00776,,Indicação Interna,0.0,0,2022-11-20,2022-12-04,2022-12-07,,,,
CAND-00777,,Gupy,0.0,0,2023-08-05,2023-08-07,2023-08-09,2023-08-16,,,
CAND-00778,,Site Corporativo,0.0,0,2023-10-07,2023-10-10,2023-10-13,2023-10-21,,,
CAND-00779,,Site Corporativo,152.46,0,2022-09-21,2022-09-28,2022-09-29,2022-10-05,,,
CAND-00780,,LinkedIn,0.0,0,2023-10-28,2023-11-09,2023-11-12,2023-11-22,,,
CAND-00781,,Agência,5165.81,0,2023-04-03,2023-04-06,2023-04-09,2023-04-14,,,
CAND-00782,,LinkedIn,0.0,0,2023-10-18,2023-11-01,,,,,
CAND-00783,,Site Corporativo,135.78,0,2023-03-08,2023-03-20,2023-03-24,,,,
CAND-00784,,Indicação Interna,1678.13,0,2022-03-15,2022-03-18,2022-03-20,2022-03-27,,,
CAND-00785,,Indicação Interna,0.0,0,2023-09-12,2023-09-24,2023-09-28,,,,
CAND-00786,,LinkedIn,0.0,0,2023-01-07,2023-01-20,2023-01-24,2023-01-29,,,
CAND-00787,,Site Corporativo,0.0,0,2022-05-09,2022-05-22,2022-05-25,,,,
CAND-00788,,Indicação Interna,0.0,3,2023-12-19,2024-01-01,2024-01-03,2024-01-07,2024-01-12,2024-01-13,
CAND-00789,,Site Corporativo,0.0,0,2023-02-11,2023-02-21,,,,,
CAND-00790,,Indicação Interna,1684.38,0,2022-03-27,2022-03-30,2022-04-01,2022-04-10,,,
CAND-00791,,Site Corporativo,0.0,6,2022-09-11,2022-09-24,2022-09-26,2022-10-01,2022-10-08,2022-10-11,
CAND-00792,,Gupy,0.0,0,2023-05-03,2023-05-12,,,,,
CAND-00793,,Site Corporativo,0.0,0,2023-07-08,2023-07-14,2023-07-16,,,,
CAND-00794,,Site Corporativo,167.0,0,2023-12-16,2023-12-26,2023-12-31,2024-01-09,,,
CAND-00795,,LinkedIn,0.0,0,2023-10-17,2023-10-27,2023-10-30,2023-11-05,,,
CAND-00796,,Gupy,448.54,5,2023-03-29,2023-04-04,2023-04-07,2023-04-10,2023-04-13,2023-04-17,
CAND-00797,,Agência,5195.56,0,2023-07-02,2023-07-04,2023-07-08,,,,
CAND-00798,,LinkedIn,0.0,0,2023-05-04,2023-05-10,2023-05-14,,,,
CAND-00799,,Agência,0.0,0,2023-09-04,2023-09-09,,,,,
CAND-00800,,Indicação Interna,0.0,4,2023-07-16,2023-07-23,2023-07-28,2023-08-03,2023-08-10,2023-08-14,
CAND-00801,,Agência,6028.09,0,2022-08-14,2022-08-20,2022-08-22,,,,
CAND-00802,,Site Corporativo,0.0,0,2023-09-20,2023-10-04,2023-10-07,2023-10-14,,,
CAND-00803,,Agência,0.0,0,2022-03-12,2022-03-16,2022-03-17,,,,
CAND-00804,,LinkedIn,0.0,2,2023-09-25,2023-10-04,2023-10-09,2023-10-17,2023-10-19,,
CAND-00805,,LinkedIn,0.0,0,2022-01-23,2022-01-27,,,,,
CAND-00806,,Agência,6144.35,0,2022-10-16,2022-10-22,2022-10-26,,,,
CAND-00807,,LinkedIn,0.0,0,2022-08-27,2022-08-30,2022-09-03,2022-09-12,,,
CAND-00808,,LinkedIn,0.0,6,2023-05-26,2023-06-02,2023-06-03,2023-06-08,2023-06-13,2023-06-17,
CAND-00809,,Agência,0.0,0,2022-07-05,2022-07-10,,,,,
CAND-00810,,Gupy,0.0,0,2022-09-14,2022-09-29,2022-09-30,2022-10-06,,,
CAND-00811,,Gupy,0.0,0,2023-03-30,2023-04-04,,,,,
CAND-00812,,Indicação Interna,0.0,0,2022-02-04,2022-02-09,2022-02-10,,,,
CAND-00813,,LinkedIn,0.0,0,2022-08-02,2022-08-11,2022-08-14,,,,
CAND-00814,,Agência,0.0,0,2022-06-12,2022-06-24,,,,,
CAND-00815,,LinkedIn,0.0,0,2023-07-17,2023-07-27,2023-07-31,,,,
CAND-00816,,Site Corporativo,0.0,0,2022-07-23,2022-07-30,,,,,
CAND-00817,,LinkedIn,0.0,0,2023-11-14,2023-11-19,,,,,
CAND-00818,,LinkedIn,0.0,0,2022-08-30,2022-09-11,2022-09-12,2022-09-19,,,
CAND-00819,,Gupy,0.0,0,2023-02-10,2023-02-24,2023-02-25,,,,
CAND-00820,,Agência,0.0,2,2023-12-09,2023-12-18,2023-12-20,2023-12-24,2023-12-29,2024-01-03,
CAND-00821,,LinkedIn,0.0,0,2022-12-13,2022-12-27,2022-12-28,2023-01-02,,,
CAND-00822,,Gupy,0.0,0,2022-04-20,2022-04-24,2022-04-27,,,,
CAND-00823,,Indicação Interna,0.0,0,2023-10-23,2023-11-06,2023-11-10,,,,
CAND-00824,,Gupy,0.0,0,2022-01-22,2022-02-04,2022-02-06,2022-02-09,,,
CAND-00825,,Gupy,0.0,0,2023-03-25,2023-04-04,2023-04-08,2023-04-13,,,
CAND-00826,,Gupy,0.0,0,2022-11-28,2022-12-11,2022-12-16,,,,
CAND-00827,,LinkedIn,757.02,0,2023-07-22,2023-07-26,2023-07-28,2023-08-04,,,
CAND-00828,,LinkedIn,0.0,0,2023-04-10,2023-04-12,,,,,
CAND-00829,,Indicação Interna,0.0,0,2023-06-03,2023-06-11,,,,,
CAND-00830,,Site Corporativo,0.0,0,2022-01-20,2022-01-31,,,,,
CAND-00831,,Site Corporativo,153.59,0,2023-09-28,2023-10-03,2023-10-04,,,,
CAND-00832,,Site Corporativo,0.0,0,2023-07-06,2023-07-21,2023-07-26,,,,
CAND-00833,,Indicação Interna,0.0,2,2023-07-19,2023-07-23,2023-07-26,2023-08-03,2023-08-09,2023-08-10,
CAND-00834,,Site Corporativo,0.0,0,2022-05-13,2022-05-17,,,,,
CAND-00835,,Site Corporativo,164.86,0,2022-07-26,2022-07-29,2022-07-30,2022-08-08,,,
CAND-00836,,Gupy,390.73,0,2023-06-23,2023-07-04,,,,,
CAND-00837,,LinkedIn,0.0,0,2022-09-20,2022-09-22,2022-09-27,,,,
CAND-00838,,LinkedIn,739.33,0,2022-01-14,2022-01-19,2022-01-20,2022-01-23,,,
CAND-00839,,Gupy,379.02,0,2023-03-02,2023-03-17,2023-03-18,,,,
CAND-00840,,Gupy,467.45,0,2022-09-30,2022-10-10,2022-10-11,,,,
CAND-00841,,Gupy,0.0,0,2022-03-21,2022-03-26,,,,,
CAND-00842,,LinkedIn,727.98,0,2022-04-10,2022-04-13,,,,,
CAND-00843,,Site Corporativo,0.0,0,2023-06-29,2023-07-07,2023-07-12,,,,
CAND-00844,,Gupy,431.28,0,2023-08-07,2023-08-19,,,,,
CAND-00845,,Indicação Interna,1575.16,0,2023-07-26,2023-08-08,2023-08-09,,,,
CAND-00846,,Gupy,0.0,0,2023-08-14,2023-08-21,2023-08-25,,,,
CAND-00847,,Agência,0.0,0,2022-06-20,2022-07-04,2022-07-08,,,,
CAND-00848,,Gupy,0.0,0,2023-11-05,2023-11-09,2023-11-14,2023-11-22,,,
CAND-00849,,LinkedIn,0.0,0,2023-07-18,2023-07-25,,,,,
CAND-00850,,Gupy,0.0,0,2023-02-27,2023-03-13,2023-03-16,,,,
CAND-00851,,Agência,0.0,0,2023-07-31,2023-08-10,2023-08-15,,,,
CAND-00852,,Indicação Interna,0.0,0,2022-09-18,2022-09-25,,,,,
CAND-00853,,Site Corporativo,0.0,0,2023-04-04,2023-04-12,2023-04-13,,,,
CAND-00854,,Gupy,0.0,3,2023-09-03,2023-09-05,2023-09-08,2023-09-14,2023-09-18,2023-09-21,
CAND-00855,,Agência,0.0,0,2023-07-21,2023-07-31,2023-08-05,2023-08-08,,,
CAND-00856,,Agência,0.0,0,2022-06-09,2022-06-13,2022-06-18,2022-06-25,,,
CAND-00857,,Indicação Interna,1217.3,0,2022-04-05,2022-04-16,2022-04-18,,,,
CAND-00858,,LinkedIn,0.0,0,2024-01-11,2024-01-18,,,,,
CAND-00859,,Gupy,437.79,0,2022-06-27,2022-07-06,,,,,
CAND-00860,,Agência,0.0,0,2023-12-08,2023-12-21,2023-12-22,,,,
CAND-00861,,Indicação Interna,1451.74,0,2022-11-04,2022-11-06,,,,,
CAND-00862,,Site Corporativo,0.0,0,2023-08-14,2023-08-22,2023-08-23,,,,
CAND-00863,,Agência,6329.95,0,2022-12-09,2022-12-16,,,,,
CAND-00864,,Indicação Interna,1258.49,0,2023-03-21,2023-03-29,,,,,
CAND-00865,,LinkedIn,0.0,0,2022-05-04,2022-05-19,,,,,
CAND-00866,,LinkedIn,0.0,0,2023-10-31,2023-11-15,2023-11-16,,,,
CAND-00867,,Agência,6273.61,0,2023-10-10,2023-10-18,2023-10-23,2023-10-28,,,
CAND-00868,,Agência,6809.46,0,2023-12-16,2023-12-21,2023-12-25,,,,
CAND-00869,,Gupy,0.0,3,2023-09-02,2023-09-13,2023-09-15,2023-09-24,2023-09-28,2023-10-03,
CAND-00870,,Indicação Interna,0.0,0,2022-02-20,2022-03-02,2022-03-03,2022-03-12,,,
CAND-00871,,Agência,0.0,0,2022-05-14,2022-05-28,2022-06-02,2022-06-11,,,
CAND-00872,,Gupy,0.0,2,2022-07-20,2022-07-30,2022-08-04,2022-08-08,2022-08-13,2022-08-18,
CAND-00873,,Gupy,0.0,0,2022-04-02,2022-04-05,2022-04-09,2022-04-15,,,
CAND-00874,,Agência,0.0,0,2023-09-01,2023-09-13,2023-09-16,2023-09-24,,,
CAND-00875,,LinkedIn,0.0,0,2023-03-29,2023-04-09,2023-04-10,,,,
CAND-00876,,Indicação Interna,0.0,0,2022-08-28,2022-09-02,2022-09-04,,,,
CAND-00877,,Indicação Interna,0.0,0,2022-03-29,2022-04-01,,,,,
CAND-00878,,LinkedIn,0.0,0,2022-09-06,2022-09-17,,,,,
CAND-00879,,Agência,0.0,3,2022-10-22,2022-10-24,2022-10-25,2022-11-04,2022-11-07,2022-11-09,
CAND-00880,,Indicação Interna,1695.03,0,2022-07-28,2022-08-07,2022-08-10,,,,
CAND-00881,,Agência,0.0,0,2023-09-30,2023-10-13,,,,,
CAND-00882,,Agência,0.0,0,2023-12-13,2023-12-26,2023-12-30,,,,
CAND-00883,,Gupy,390.94,0,2023-11-11,2023-11-21,2023-11-23,2023-11-29,,,
CAND-00884,,LinkedIn,703.58,0,2023-09-25,2023-10-01,2023-10-02,2023-10-09,,,
CAND-00885,,Agência,0.0,0,2023-11-07,2023-11-14,,,,,
CAND-00886,,Site Corporativo,164.81,0,2022-01-20,2022-01-26,,,,,
CAND-00887,,LinkedIn,0.0,0,2023-10-27,2023-11-04,2023-11-08,,,,
CAND-00888,,Indicação Interna,1364.26,0,2023-12-28,2023-12-31,,,,,
CAND-00889,,Gupy,0.0,0,2023-05-12,2023-05-27,2023-05-28,2023-06-07,,,
CAND-00890,,Indicação Interna,0.0,0,2023-12-31,2024-01-02,2024-01-07,2024-01-17,,,
CAND-00891,,Indicação Interna,0.0,2,2022-06-10,2022-06-12,2022-06-15,2022-06-22,2022-06-28,2022-06-29,
CAND-00892,,LinkedIn,0.0,0,2023-10-03,2023-10-09,,,,,
CAND-00893,,Indicação Interna,0.0,0,2022-01-31,2022-02-10,,,,,
CAND-00894,,Agência,0.0,0,2022-08-19,2022-08-23,2022-08-27,,,,
CAND-00895,,Indicação Interna,1254.34,0,2022-03-31,2022-04-13,2022-04-18,,,,
CAND-00896,,Gupy,0.0,0,2023-12-04,2023-12-09,2023-12-14,2023-12-21,,,
CAND-00897,,Gupy,414.58,0,2022-12-04,2022-12-13,2022-12-15,,,,
CAND-00898,,Site Corporativo,0.0,0,2023-08-18,2023-08-28,2023-08-30,,,,
CAND-00899,,Gupy,0.0,0,2022-11-13,2022-11-26,,,,,
CAND-00900,,Indicação Interna,0.0,0,2023-06-21,2023-06-25,2023-06-27,,,,
CAND-00901,,Gupy,379.92,0,2023-08-02,2023-08-06,2023-08-11,,,,
CAND-00902,,LinkedIn,871.77,0,2024-01-07,2024-01-10,2024-01-12,,,,
CAND-00903,,Gupy,453.97,0,2022-11-23,2022-12-01,,,,,
CAND-00904,,Agência,0.0,0,2022-11-07,2022-11-16,,,,,
CAND-00905,,LinkedIn,0.0,2,2023-10-15,2023-10-28,2023-10-30,2023-11-04,2023-11-10,2023-11-15,
CAND-00906,,Site Corporativo,165.35,0,2023-08-04,2023-08-15,2023-08-17,2023-08-20,,,
CAND-00907,,Agência,4928.0,0,2023-12-06,2023-12-20,2023-12-25,,,,
CAND-00908,,Indicação Interna,0.0,0,2023-04-26,2023-05-09,2023-05-11,,,,
CAND-00909,,Indicação Interna,1284.26,0,2023-05-19,2023-05-28,2023-05-30,2023-06-08,,,
CAND-00910,,Indicação Interna,0.0,0,2022-01-16,2022-01-22,,,,,
CAND-00911,,Agência,5251.79,0,2022-08-16,2022-08-29,2022-08-31,,,,
CAND-00912,,Agência,0.0,0,2022-03-09,2022-03-13,,,,,
CAND-00913,,Agência,5507.84,0,2023-03-26,2023-04-10,2023-04-13,,,,
CAND-00914,,LinkedIn,0.0,0,2022-09-10,2022-09-18,2022-09-19,,,,
CAND-00915,,LinkedIn,796.76,0,2023-01-25,2023-02-07,2023-02-12,,,,
CAND-00916,,Indicação Interna,0.0,0,2023-08-09,2023-08-20,2023-08-21,,,,
CAND-00917,,Gupy,0.0,0,2023-04-08,2023-04-17,,,,,
CAND-00918,,Indicação Interna,0.0,0,2022-02-13,2022-02-18,2022-02-22,,,,
CAND-00919,,Site Corporativo,0.0,0,2022-02-10,2022-02-20,2022-02-21,2022-03-03,,,
CAND-00920,,LinkedIn,0.0,0,2022-11-08,2022-11-22,,,,,
CAND-00921,,Agência,0.0,0,2023-04-18,2023-04-22,2023-04-27,,,,
CAND-00922,,LinkedIn,907.11,0,2023-12-08,2023-12-18,,,,,
CAND-00923,,Agência,0.0,0,2023-04-20,2023-05-05,2023-05-06,,,,
CAND-00924,,Site Corporativo,0.0,0,2022-04-26,2022-04-30,,,,,
CAND-00925,,Site Corporativo,162.13,2,2023-12-14,2023-12-24,2023-12-28,2023-12-31,2024-01-06,,
CAND-00926,,LinkedIn,0.0,0,2022-07-26,2022-08-04,2022-08-07,,,,
CAND-00927,,Agência,0.0,0,2023-12-30,2024-01-13,2024-01-14,2024-01-24,,,
CAND-00928,,Site Corporativo,0.0,0,2022-03-29,2022-04-08,,,,,
CAND-00929,,Indicação Interna,1619.79,0,2024-01-15,2024-01-29,,,,,
CAND-00930,,Indicação Interna,0.0,0,2023-09-19,2023-09-23,2023-09-27,2023-10-02,,,
CAND-00931,,Agência,0.0,5,2023-08-03,2023-08-18,2023-08-20,2023-08-25,2023-09-01,2023-09-04,
CAND-00932,,LinkedIn,0.0,0,2022-11-13,2022-11-26,,,,,
CAND-00933,,Site Corporativo,166.4,0,2023-04-02,2023-04-08,2023-04-09,,,,
CAND-00934,,LinkedIn,789.66,0,2022-07-27,2022-07-29,2022-08-01,2022-08-11,,,
CAND-00935,,Indicação Interna,1269.18,0,2023-07-11,2023-07-25,2023-07-29,2023-08-08,,,
CAND-00936,,Site Corporativo,0.0,0,2023-03-29,2023-04-01,2023-04-02,2023-04-09,,,
CAND-00937,,LinkedIn,684.74,0,2023-07-25,2023-08-09,,,,,
CAND-00938,,Gupy,0.0,0,2022-02-20,2022-02-24,2022-02-27,2022-03-02,,,
CAND-00939,,Agência,0.0,0,2023-09-10,2023-09-16,2023-09-17,2023-09-26,,,
CAND-00940,,Agência,0.0,0,2022-06-15,2022-06-27,2022-07-02,,,,
CAND-00941,,Gupy,0.0,0,2023-07-30,2023-08-03,,,,,
CAND-00942,,Indicação Interna,1620.77,0,2023-08-16,2023-08-23,,,,,
CAND-00943,,Site Corporativo,0.0,0,2022-04-06,2022-04-20,2022-04-23,,,,
CAND-00944,,Agência,0.0,3,2022-03-11,2022-03-25,2022-03-30,2022-04-09,2022-04-16,,
CAND-00945,,Gupy,387.43,0,2022-12-04,2022-12-14,2022-12-16,,,,
CAND-00946,,Gupy,0.0,0,2023-09-19,2023-09-21,2023-09-26,,,,
CAND-00947,,Indicação Interna,0.0,3,2023-05-11,2023-05-24,2023-05-27,2023-06-04,2023-06-10,,
CAND-00948,,Indicação Interna,1747.89,0,2022-12-29,2023-01-02,2023-01-06,,,,
CAND-00949,,LinkedIn,0.0,0,2023-10-10,2023-10-19,2023-10-21,,,,
CAND-00950,,Agência,0.0,0,2022-08-27,2022-09-09,2022-09-11,2022-09-14,,,
CAND-00951,,LinkedIn,646.96,0,2022-05-01,2022-05-14,,,,,
CAND-00952,,Gupy,0.0,2,2023-09-23,2023-10-01,2023-10-04,2023-10-10,2023-10-13,2023-10-16,
CAND-00953,,Site Corporativo,0.0,2,2022-03-11,2022-03-17,2022-03-22,2022-03-25,2022-03-29,2022-04-03,
CAND-00954,,Site Corporativo,0.0,0,2023-09-23,2023-09-25,,,,,
CAND-00955,,Indicação Interna,0.0,0,2022-07-18,2022-07-25,,,,,
CAND-00956,,Site Corporativo,0.0,0,2023-11-20,2023-11-29,,,,,
CAND-00957,,Site Corporativo,0.0,0,2022-02-06,2022-02-18,2022-02-20,,,,
CAND-00958,,Site Corporativo,142.39,0,2023-07-04,2023-07-11,2023-07-15,,,,
CAND-00959,,Gupy,0.0,0,2022-02-27,2022-03-14,2022-03-19,,,,
CAND-00960,,Site Corporativo,0.0,0,2022-11-20,2022-11-30,2022-12-02,,,,
CAND-00961,,Site Corporativo,0.0,0,2022-12-06,2022-12-20,,,,,
CAND-00962,,Site Corporativo,0.0,0,2022-12-29,2023-01-01,,,,,
CAND-00963,,LinkedIn,0.0,0,2022-10-15,2022-10-30,2022-11-03,,,,
CAND-00964,,Gupy,0.0,0,2022-06-19,2022-06-30,2022-07-02,,,,
CAND-00965,,Indicação Interna,0.0,0,2022-11-12,2022-11-25,,,,,
CAND-00966,,LinkedIn,0.0,0,2023-12-28,2023-12-30,2023-12-31,2024-01-06,,,
CAND-00967,,Agência,0.0,0,2022-11-06,2022-11-11,2022-11-13,2022-11-16,,,
CAND-00968,,Gupy,0.0,0,2022-04-05,2022-04-14,2022-04-18,,,,
CAND-00969,,Gupy,0.0,0,2022-06-07,2022-06-12,2022-06-16,,,,
CAND-00970,,Agência,0.0,0,2023-06-21,2023-06-27,,,,,
CAND-00971,,Agência,6029.29,0,2022-05-27,2022-06-10,,,,,
CAND-00972,,Agência,0.0,0,2023-06-13,2023-06-25,,,,,
CAND-00973,,Indicação Interna,0.0,0,2022-07-30,2022-08-12,2022-08-16,,,,
CAND-00974,,Site Corporativo,0.0,0,2023-06-19,2023-06-22,2023-06-23,,,,
CAND-00975,,Gupy,0.0,0,2023-09-01,2023-09-16,2023-09-20,,,,
CAND-00976,,Site Corporativo,178.35,0,2022-04-16,2022-04-26,,,,,
CAND-00977,,Site Corporativo,0.0,0,2022-11-16,2022-11-18,2022-11-21,,,,
CAND-00978,,Agência,5599.55,0,2022-08-03,2022-08-10,2022-08-13,2022-08-21,,,
CAND-00979,,Indicação Interna,0.0,0,2023-11-19,2023-11-22,2023-11-24,2023-11-27,,,
CAND-00980,,LinkedIn,0.0,5,2023-07-28,2023-08-07,2023-08-12,2023-08-20,2023-08-27,,
CAND-00981,,Indicação Interna,0.0,0,2023-08-11,2023-08-16,2023-08-19,,,,
CAND-00982,,Site Corporativo,0.0,4,2022-12-13,2022-12-23,2022-12-25,2022-12-28,2022-12-30,2023-01-03,
CAND-00983,,Indicação Interna,0.0,0,2022-07-03,2022-07-16,2022-07-21,,,,
CAND-00984,,Agência,0.0,0,2023-12-08,2023-12-21,2023-12-24,2023-12-30,,,
CAND-00985,,LinkedIn,640.27,0,2023-11-18,2023-12-02,2023-12-06,,,,
CAND-00986,,Agência,6919.09,0,2022-04-06,2022-04-21,,,,,
CAND-00987,,LinkedIn,0.0,0,2023-12-17,2023-12-26,2023-12-29,,,,
CAND-00988,,Site Corporativo,134.17,0,2023-12-29,2024-01-12,2024-01-14,,,,
CAND-00989,,LinkedIn,668.85,0,2022-05-28,2022-06-12,,,,,
CAND-00990,,LinkedIn,859.11,0,2022-09-22,2022-09-29,2022-10-02,,,,
CAND-00991,,LinkedIn,0.0,0,2022-11-29,2022-12-08,2022-12-09,2022-12-17,,,
CAND-00992,,Indicação Interna,0.0,0,2022-06-24,2022-06-30,,,,,
CAND-00993,,Indicação Interna,0.0,0,2023-09-11,2023-09-22,2023-09-23,2023-09-27,,,
CAND-00994,,Site Corporativo,0.0,0,2023-10-28,2023-10-31,,,,,
CAND-00995,,LinkedIn,0.0,0,2023-06-30,2023-07-09,2023-07-13,2023-07-19,,,
CAND-00996,,Gupy,0.0,0,2023-05-09,2023-05-17,2023-05-19,,,,
CAND-00997,,Site Corporativo,0.0,0,2023-08-29,2023-09-06,,,,,
CAND-00998,,LinkedIn,0.0,0,2023-03-22,2023-04-02,,,,,
CAND-00999,,LinkedIn,0.0,0,2023-07-12,2023-07-25,2023-07-26,,,,
CAND-01000,,Indicação Interna,0.0,0,2023-12-30,2024-01-10,,,,,
CAND-01001,,Site Corporativo,0.0,0,2022-04-28,2022-05-09,2022-05-12,,,,
CAND-01002,,LinkedIn,0.0,0,2023-04-01,2023-04-05,2023-04-09,2023-04-13,,,
CAND-01003,,LinkedIn,681.12,0,2023-09-03,2023-09-17,,,,,
CAND-01004,,Site Corporativo,0.0,0,2022-12-02,2022-12-11,2022-12-12,2022-12-17,,,
CAND-01005,,Gupy,443.72,0,2023-10-14,2023-10-28,2023-10-30,,,,
CAND-01006,,Site Corporativo,0.0,0,2023-04-09,2023-04-19,2023-04-24,,,,
CAND-01007,,Site Corporativo,0.0,0,2022-07-20,2022-07-25,2022-07-28,2022-08-04,,,
CAND-01008,,Gupy,0.0,0,2023-03-22,2023-04-04,,,,,
CAND-01009,,Site Corporativo,0.0,0,2022-12-19,2022-12-22,2022-12-27,,,,
CAND-01010,,LinkedIn,0.0,6,2023-02-18,2023-03-05,2023-03-08,2023-03-11,2023-03-17,,
CAND-01011,,Site Corporativo,149.3,0,2023-01-03,2023-01-06,,,,,
CAND-01012,,Gupy,0.0,0,2022-02-01,2022-02-06,2022-02-11,2022-02-19,,,
CAND-01013,,Agência,0.0,0,2023-02-20,2023-02-28,2023-03-02,,,,
CAND-01014,,Site Corporativo,156.51,0,2023-05-02,2023-05-06,2023-05-10,,,,
CAND-01015,,Indicação Interna,0.0,0,2023-01-04,2023-01-19,2023-01-22,,,,
CAND-01016,,LinkedIn,0.0,0,2023-11-18,2023-11-22,2023-11-23,,,,
CAND-01017,,LinkedIn,0.0,0,2022-05-28,2022-06-10,,,,,
CAND-01018,,Indicação Interna,0.0,0,2023-11-05,2023-11-13,,,,,
CAND-01019,,Indicação Interna,0.0,0,2022-05-20,2022-05-23,2022-05-27,,,,
CAND-01020,,Site Corporativo,0.0,0,2023-12-14,2023-12-25,,,,,
CAND-01021,,Indicação Interna,0.0,0,2023-10-01,2023-10-05,2023-10-09,,,,
CAND-01022,,Agência,0.0,0,2023-04-06,2023-04-14,2023-04-16,2023-04-19,,,
CAND-01023,,Gupy,350.08,0,2024-01-19,2024-01-24,,,,,
CAND-01024,,Indicação Interna,1461.24,0,2022-10-03,2022-10-11,,,,,
CAND-01025,,Indicação Interna,0.0,0,2023-08-14,2023-08-21,2023-08-22,,,,
CAND-01026,,Agência,0.0,0,2023-12-23,2023-12-30,2024-01-03,,,,
CAND-01027,,LinkedIn,0.0,0,2022-03-23,2022-03-27,,,,,
CAND-01028,,LinkedIn,763.78,0,2023-06-24,2023-07-09,,,,,
CAND-01029,,Site Corporativo,0.0,0,2022-10-14,2022-10-23,2022-10-28,,,,
CAND-01030,,Agência,7100.43,0,2022-04-01,2022-04-06,2022-04-07,,,,
CAND-01031,,Gupy,0.0,0,2023-07-07,2023-07-21,2023-07-26,2023-08-03,,,
CAND-01032,,Gupy,429.17,0,2022-01-12,2022-01-21,2022-01-25,,,,
CAND-01033,,Agência,0.0,0,2022-12-06,2022-12-14,2022-12-17,2022-12-20,,,
CAND-01034,,Gupy,0.0,0,2023-09-04,2023-09-17,2023-09-22,2023-10-02,,,
CAND-01035,,LinkedIn,859.54,0,2023-08-10,2023-08-12,2023-08-15,,,,
CAND-01036,,Gupy,457.99,0,2023-10-02,2023-10-04,2023-10-05,2023-10-09,,,
CAND-01037,,Gupy,0.0,3,2022-10-12,2022-10-18,2022-10-21,2022-10-28,2022-10-30,2022-11-04,
CAND-01038,,Agência,5565.66,0,2022-06-04,2022-06-16,2022-06-18,2022-06-24,,,
CAND-01039,,Agência,0.0,0,2023-06-25,2023-07-10,2023-07-11,,,,
CAND-01040,,Gupy,0.0,0,2023-09-02,2023-09-17,2023-09-21,,,,
CAND-01041,,Indicação Interna,0.0,0,2023-02-27,2023-03-13,2023-03-17,,,,
CAND-01042,,Agência,0.0,0,2022-06-21,2022-06-26,2022-06-29,2022-07-06,,,
CAND-01043,,Site Corporativo,0.0,0,2022-04-29,2022-05-01,2022-05-05,2022-05-15,,,
CAND-01044,,Site Corporativo,0.0,0,2023-06-30,2023-07-05,2023-07-09,2023-07-14,,,
CAND-01045,,LinkedIn,0.0,0,2023-03-22,2023-03-24,2023-03-28,2023-04-05,,,
CAND-01046,,Gupy,0.0,0,2023-12-01,2023-12-03,2023-12-08,,,,
CAND-01047,,Indicação Interna,1580.47,0,2023-03-19,2023-03-30,,,,,
CAND-01048,,LinkedIn,0.0,0,2022-10-07,2022-10-14,2022-10-15,2022-10-24,,,
CAND-01049,,Gupy,0.0,0,2023-11-23,2023-12-06,2023-12-11,,,,
CAND-01050,,Agência,0.0,0,2023-06-17,2023-06-24,2023-06-26,2023-06-29,,,
CAND-01051,,Site Corporativo,0.0,0,2022-03-11,2022-03-13,2022-03-18,2022-03-28,,,
CAND-01052,,Indicação Interna,0.0,5,2024-01-13,2024-01-19,2024-01-20,2024-01-24,2024-01-30,2024-02-01,
CAND-01053,,Site Corporativo,0.0,0,2023-09-06,2023-09-18,2023-09-19,2023-09-24,,,
CAND-01054,,Agência,0.0,0,2023-10-26,2023-11-06,,,,,
CAND-01055,,Gupy,0.0,0,2022-07-09,2022-07-12,2022-07-15,2022-07-19,,,
CAND-01056,,Agência,0.0,3,2022-10-11,2022-10-25,2022-10-28,2022-11-01,2022-11-03,2022-11-06,
CAND-01057,,Agência,0.0,0,2022-03-03,2022-03-09,,,,,
CAND-01058,,Site Corporativo,0.0,0,2022-09-29,2022-10-03,2022-10-07,,,,
CAND-01059,,Indicação Interna,0.0,5,2022-07-25,2022-08-05,2022-08-09,2022-08-18,2022-08-25,2022-08-29,
CAND-01060,,Agência,0.0,0,2024-01-03,2024-01-09,2024-01-10,2024-01-17,,,
CAND-01061,,Site Corporativo,140.23,0,2022-01-20,2022-01-29,2022-01-30,,,,
CAND-01062,,Indicação Interna,0.0,0,2023-11-12,2023-11-20,2023-11-23,,,,
CAND-01063,,Gupy,0.0,0,2023-08-12,2023-08-14,2023-08-18,2023-08-27,,,
CAND-01064,,Gupy,450.05,0,2022-03-13,2022-03-23,2022-03-27,,,,
CAND-01065,,LinkedIn,0.0,0,2023-05-09,2023-05-12,2023-05-15,2023-05-22,,,
CAND-01066,,Site Corporativo,0.0,0,2023-10-10,2023-10-22,2023-10-27,,,,
CAND-01067,,Indicação Interna,1369.03,0,2022-12-15,2022-12-18,,,,,
CAND-01068,,Agência,5975.09,0,2022-10-24,2022-11-05,2022-11-10,2022-11-19,,,
CAND-01069,,Gupy,0.0,0,2022-11-03,2022-11-16,2022-11-17,,,,
CAND-01070,,Indicação Interna,0.0,0,2023-01-03,2023-01-12,2023-01-16,,,,
CAND-01071,,Site Corporativo,0.0,6,2022-05-24,2022-05-26,2022-05-31,2022-06-09,2022-06-15,2022-06-19,
CAND-01072,,LinkedIn,747.99,0,2023-07-01,2023-07-16,,,,,
CAND-01073,,Gupy,451.07,0,2022-01-17,2022-01-19,2022-01-22,,,,
CAND-01074,,Indicação Interna,0.0,0,2022-02-13,2022-02-21,2022-02-26,2022-03-03,,,
CAND-01075,,Indicação Interna,1414.13,0,2022-08-27,2022-08-30,2022-09-01,2022-09-04,,,
CAND-01076,,Indicação Interna,1394.78,0,2023-09-26,2023-09-28,2023-09-30,2023-10-03,,,
CAND-01077,,Site Corporativo,0.0,3,2022-04-10,2022-04-19,2022-04-24,2022-04-28,2022-05-04,2022-05-06,
CAND-01078,,Site Corporativo,0.0,0,2022-03-06,2022-03-20,2022-03-23,,,,
CAND-01079,,Site Corporativo,0.0,0,2023-11-26,2023-12-04,2023-12-09,,,,
CAND-01080,,Agência,6572.83,0,2022-11-26,2022-12-11,,,,,
CAND-01081,,Indicação Interna,1250.43,5,2022-08-07,2022-08-21,2022-08-23,2022-08-27,2022-09-01,2022-09-04,
CAND-01082,,Gupy,436.29,0,2023-07-21,2023-07-25,2023-07-30,2023-08-03,,,
CAND-01083,,Site Corporativo,0.0,4,2023-10-10,2023-10-21,2023-10-23,2023-11-02,2023-11-04,2023-11-05,
CAND-01084,,Site Corporativo,0.0,0,2023-12-25,2024-01-06,2024-01-09,2024-01-19,,,
CAND-01085,,Indicação Interna,1783.11,0,2022-07-31,2022-08-04,2022-08-09,2022-08-15,,,
CAND-01086,,Site Corporativo,0.0,0,2023-09-18,2023-10-01,2023-10-03,,,,
CAND-01087,,Agência,6781.37,0,2023-09-19,2023-09-22,2023-09-25,2023-09-28,,,
CAND-01088,,Agência,0.0,0,2022-07-16,2022-07-19,,,,,
CAND-01089,,Site Corporativo,0.0,0,2022-04-08,2022-04-19,2022-04-24,,,,
CAND-01090,,Indicação Interna,0.0,6,2023-04-21,2023-05-05,2023-05-07,2023-05-13,2023-05-16,2023-05-20,
CAND-01091,,Indicação Interna,0.0,2,2023-05-25,2023-05-29,2023-05-30,2023-06-07,2023-06-12,2023-06-17,
CAND-01092,,Indicação Interna,1423.68,0,2023-04-10,2023-04-12,2023-04-13,,,,
CAND-01093,,LinkedIn,952.59,0,2022-06-30,2022-07-04,,,,,
CAND-01094,,Site Corporativo,0.0,0,2023-05-12,2023-05-22,2023-05-24,,,,
CAND-01095,,Indicação Interna,0.0,0,2023-08-30,2023-09-10,2023-09-12,,,,
CAND-01096,,Agência,0.0,0,2022-11-30,2022-12-05,,,,,
CAND-01097,,Gupy,0.0,0,2022-11-30,2022-12-05,2022-12-09,,,,
CAND-01098,,Gupy,468.39,5,2023-01-20,2023-01-25,2023-01-30,2023-02-08,2023-02-14,2023-02-18,
CAND-01099,,Indicação Interna,0.0,0,2023-01-18,2023-01-22,2023-01-24,,,,
CAND-01100,,Gupy,0.0,0,2022-10-04,2022-10-09,2022-10-10,,,,
CAND-01101,,Gupy,472.06,0,2022-03-03,2022-03-09,2022-03-13,2022-03-18,,,
CAND-01102,,LinkedIn,848.93,0,2022-08-14,2022-08-20,2022-08-25,,,,
CAND-01103,,Agência,0.0,0,2023-08-15,2023-08-25,,,,,
CAND-01104,,Agência,0.0,0,2022-03-30,2022-04-07,,,,,
CAND-01105,,LinkedIn,0.0,0,2023-05-16,2023-05-31,,,,,
CAND-01106,,LinkedIn,701.33,0,2023-08-29,2023-09-07,,,,,
CAND-01107,,Gupy,368.51,0,2022-10-13,2022-10-15,,,,,
CAND-01108,,Site Corporativo,0.0,0,2022-09-10,2022-09-15,2022-09-20,2022-09-25,,,
CAND-01109,,Gupy,0.0,0,2022-01-06,2022-01-14,,,,,
CAND-01110,,LinkedIn,895.67,0,2022-02-11,2022-02-20,,,,,
CAND-01111,,Agência,0.0,0,2023-06-01,2023-06-03,2023-06-07,2023-06-11,,,
CAND-01112,,Gupy,0.0,0,2022-09-04,2022-09-07,2022-09-08,,,,
CAND-01113,,Site Corporativo,0.0,3,2023-02-21,2023-02-26,2023-03-01,2023-03-05,2023-03-12,2023-03-16,
CAND-01114,,Gupy,0.0,0,2023-08-08,2023-08-21,2023-08-25,2023-08-30,,,
CAND-01115,,Indicação Interna,0.0,0,2023-02-20,2023-02-24,,,,,
CAND-01116,,Gupy,0.0,0,2023-01-15,2023-01-27,2023-01-28,,,,
CAND-01117,,LinkedIn,854.86,0,2022-03-14,2022-03-22,,,,,
CAND-01118,,Agência,0.0,0,2022-12-07,2022-12-17,2022-12-21,,,,
CAND-01119,,Agência,0.0,0,2023-12-16,2023-12-27,2023-12-29,,,,
CAND-01120,,LinkedIn,0.0,0,2022-03-24,2022-04-04,,,,,
CAND-01121,,Indicação Interna,1444.31,0,2022-02-26,2022-03-08,,,,,
CAND-01122,,LinkedIn,772.58,0,2023-11-22,2023-11-29,,,,,
CAND-01123,,Gupy,362.73,6,2022-04-24,2022-05-02,2022-05-07,2022-05-15,2022-05-21,2022-05-26,
CAND-01124,,LinkedIn,0.0,0,2023-12-28,2024-01-11,2024-01-14,2024-01-18,,,
CAND-01125,,LinkedIn,0.0,0,2023-08-18,2023-09-02,,,,,
CAND-01126,,Indicação Interna,0.0,0,2022-08-03,2022-08-17,,,,,
CAND-01127,,Gupy,322.89,0,2022-08-19,2022-08-26,2022-08-29,,,,
CAND-01128,,Site Corporativo,0.0,0,2023-03-10,2023-03-16,2023-03-19,2023-03-29,,,
CAND-01129,,Site Corporativo,137.27,0,2022-05-06,2022-05-15,,,,,
CAND-01130,,Agência,0.0,0,2023-11-26,2023-12-11,2023-12-14,2023-12-22,,,
CAND-01131,,LinkedIn,0.0,0,2023-12-11,2023-12-25,,,,,
CAND-01132,,Agência,0.0,0,2022-03-09,2022-03-14,,,,,
CAND-01133,,Indicação Interna,0.0,2,2023-04-14,2023-04-17,2023-04-19,2023-04-23,2023-04-27,2023-04-29,
CAND-01134,,Site Corporativo,0.0,0,2023-05-24,2023-05-28,,,,,
CAND-01135,,LinkedIn,0.0,0,2023-06-18,2023-06-30,2023-07-04,,,,
CAND-01136,,Indicação Interna,0.0,2,2023-07-09,2023-07-13,2023-07-17,2023-07-20,2023-07-22,2023-07-24,
CAND-01137,,Indicação Interna,1404.36,0,2023-06-17,2023-06-29,2023-07-04,2023-07-12,,,
CAND-01138,,LinkedIn,0.0,0,2023-11-13,2023-11-26,2023-12-01,2023-12-08,,,
CAND-01139,,Indicação Interna,0.0,0,2022-11-10,2022-11-14,,,,,
CAND-01140,,LinkedIn,0.0,0,2022-08-21,2022-08-30,2022-09-02,,,,
CAND-01141,,LinkedIn,0.0,0,2022-02-18,2022-02-22,2022-02-26,,,,
CAND-01142,,Gupy,431.64,0,2023-09-26,2023-09-30,,,,,
CAND-01143,,Agência,0.0,0,2022-10-20,2022-10-24,,,,,
CAND-01144,,Indicação Interna,1219.36,0,2023-12-27,2024-01-09,,,,,
CAND-01145,,Indicação Interna,0.0,0,2022-06-07,2022-06-11,2022-06-12,,,,
CAND-01146,,Gupy,0.0,0,2023-08-12,2023-08-16,2023-08-19,2023-08-22,,,
CAND-01147,,Gupy,0.0,0,2022-12-19,2022-12-23,2022-12-28,,,,
CAND-01148,,Gupy,0.0,0,2023-07-01,2023-07-07,2023-07-08,2023-07-18,,,
CAND-01149,,Site Corporativo,0.0,0,2023-04-15,2023-04-22,2023-04-27,,,,
CAND-01150,,Site Corporativo,179.09,0,2022-12-06,2022-12-18,,,,,
CAND-01151,,Site Corporativo,0.0,0,2023-05-01,2023-05-07,,,,,
CAND-01152,,LinkedIn,740.91,0,2023-08-11,2023-08-23,2023-08-28,,,,
CAND-01153,,Indicação Interna,0.0,0,2023-03-29,2023-04-05,2023-04-09,,,,
CAND-01154,,Agência,6299.67,0,2022-05-23,2022-06-04,2022-06-07,2022-06-13,,,
CAND-01155,,LinkedIn,752.52,0,2022-04-05,2022-04-12,2022-04-14,,,,
CAND-01156,,Indicação Interna,0.0,0,2022-08-16,2022-08-30,,,,,
CAND-01157,,Indicação Interna,0.0,0,2022-10-12,2022-10-17,2022-10-22,,,,
CAND-01158,,Gupy,475.74,0,2023-11-25,2023-12-07,,,,,
CAND-01159,,Gupy,0.0,0,2023-06-09,2023-06-17,2023-06-20,,,,
CAND-01160,,LinkedIn,0.0,0,2023-06-08,2023-06-10,,,,,
CAND-01161,,Gupy,467.39,3,2023-01-05,2023-01-13,2023-01-17,2023-01-25,2023-01-29,2023-02-02,
CAND-01162,,Indicação Interna,1564.27,0,2023-07-29,2023-08-01,2023-08-05,,,,
CAND-01163,,Gupy,0.0,0,2023-03-02,2023-03-16,2023-03-18,,,,
CAND-01164,,Site Corporativo,133.1,0,2023-03-11,2023-03-24,,,,,
CAND-01165,,Gupy,0.0,0,2022-05-23,2022-06-07,2022-06-08,2022-06-15,,,
CAND-01166,,Indicação Interna,0.0,0,2023-06-22,2023-06-29,2023-07-04,,,,
CAND-01167,,LinkedIn,690.92,0,2022-04-01,2022-04-03,2022-04-06,2022-04-16,,,
CAND-01168,,Agência,0.0,3,2022-05-21,2022-05-26,2022-05-30,2022-06-09,2022-06-13,,
CAND-01169,,Gupy,0.0,4,2022-11-08,2022-11-17,2022-11-21,2022-11-24,2022-11-28,,
CAND-01170,,Indicação Interna,0.0,0,2023-10-14,2023-10-23,2023-10-26,2023-11-05,,,
CAND-01171,,Agência,0.0,0,2023-10-23,2023-10-28,2023-10-31,2023-11-04,,,
CAND-01172,,Agência,0.0,0,2023-01-06,2023-01-17,2023-01-21,,,,
CAND-01173,,Site Corporativo,0.0,0,2023-10-06,2023-10-18,2023-10-19,2023-10-22,,,
CAND-01174,,Agência,0.0,0,2022-06-16,2022-06-27,2022-06-30,2022-07-05,,,
CAND-01175,,Indicação Interna,0.0,0,2022-02-24,2022-03-02,2022-03-05,2022-03-12,,,
CAND-01176,,Indicação Interna,0.0,0,2022-03-20,2022-03-30,2022-04-01,,,,
CAND-01177,,Gupy,461.56,0,2023-09-06,2023-09-20,2023-09-23,,,,
CAND-01178,,Gupy,0.0,0,2023-12-03,2023-12-17,2023-12-20,2023-12-28,,,
CAND-01179,,Gupy,0.0,0,2022-01-14,2022-01-18,2022-01-21,,,,
CAND-01180,,Agência,0.0,0,2023-02-26,2023-03-05,,,,,
CAND-01181,,Agência,0.0,0,2022-06-16,2022-06-19,2022-06-24,2022-06-30,,,
CAND-01182,,Site Corporativo,0.0,0,2023-07-27,2023-08-07,2023-08-12,,,,
CAND-01183,,Gupy,0.0,0,2023-12-31,2024-01-10,,,,,
CAND-01184,,LinkedIn,0.0,0,2022-04-27,2022-05-05,2022-05-06,2022-05-11,,,
CAND-01185,,Site Corporativo,0.0,0,2023-05-07,2023-05-14,2023-05-17,2023-05-27,,,
CAND-01186,,LinkedIn,0.0,0,2023-09-04,2023-09-14,,,,,
CAND-01187,,Agência,0.0,0,2022-12-17,2022-12-21,,,,,
CAND-01188,,Site Corporativo,0.0,0,2022-01-30,2022-02-12,,,,,
CAND-01189,,Site Corporativo,137.3,0,2022-08-16,2022-08-20,,,,,
CAND-01190,,Indicação Interna,0.0,0,2022-05-26,2022-06-08,2022-06-10,2022-06-14,,,
CAND-01191,,Agência,0.0,0,2022-04-25,2022-04-28,2022-05-02,,,,
CAND-01192,,Agência,0.0,0,2022-02-13,2022-02-18,2022-02-23,,,,
CAND-01193,,Site Corporativo,174.44,0,2023-04-26,2023-04-29,,,,,
CAND-01194,,Agência,0.0,0,2022-02-14,2022-02-17,2022-02-18,,,,
CAND-01195,,Site Corporativo,0.0,3,2022-05-07,2022-05-18,2022-05-20,2022-05-28,2022-05-31,,
CAND-01196,,Indicação Interna,0.0,0,2022-10-12,2022-10-23,2022-10-25,,,,
CAND-01197,,Site Corporativo,0.0,0,2024-01-17,2024-01-28,2024-02-02,2024-02-05,,,
CAND-01198,,Agência,0.0,0,2024-01-03,2024-01-08,,,,,
CAND-01199,,Agência,0.0,0,2022-06-25,2022-07-09,2022-07-10,,,,
CAND-01200,,Site Corporativo,157.2,0,2023-06-01,2023-06-16,,,,,
CAND-01201,,Site Corporativo,0.0,0,2023-01-11,2023-01-24,2023-01-28,,,,
CAND-01202,,Site Corporativo,0.0,0,2022-04-20,2022-04-24,,,,,
CAND-01203,,Gupy,0.0,6,2023-01-24,2023-02-01,2023-02-03,2023-02-11,2023-02-13,2023-02-17,
CAND-01204,,Agência,0.0,6,2023-01-05,2023-01-18,2023-01-19,2023-01-29,2023-02-02,2023-02-05,
CAND-01205,,Agência,0.0,3,2023-12-05,2023-12-20,2023-12-25,2024-01-03,2024-01-05,,
CAND-01206,,Gupy,411.09,0,2023-05-03,2023-05-15,2023-05-16,,,,
CAND-01207,,Site Corporativo,0.0,0,2023-05-19,2023-05-31,2023-06-04,,,,
CAND-01208,,Indicação Interna,1422.18,0,2023-11-24,2023-11-27,2023-12-01,2023-12-05,,,
CAND-01209,,Site Corporativo,0.0,2,2022-06-22,2022-06-25,2022-06-27,2022-07-06,2022-07-11,2022-07-14,
CAND-01210,,Site Corporativo,0.0,0,2024-01-01,2024-01-15,2024-01-18,,,,
CAND-01211,,Gupy,0.0,0,2023-10-22,2023-10-30,2023-11-04,,,,
CAND-01212,,Agência,0.0,0,2023-05-12,2023-05-22,2023-05-26,2023-06-02,,,
CAND-01213,,Site Corporativo,0.0,0,2022-08-25,2022-09-06,,,,,
CAND-01214,,Agência,0.0,0,2022-01-31,2022-02-03,,,,,
CAND-01215,,LinkedIn,758.1,2,2022-03-11,2022-03-20,2022-03-22,2022-03-30,2022-04-05,2022-04-06,
CAND-01216,,Agência,0.0,0,2023-11-08,2023-11-22,2023-11-26,,,,
CAND-01217,,Indicação Interna,1762.28,0,2022-07-26,2022-08-01,2022-08-05,,,,
CAND-01218,,Indicação Interna,0.0,0,2023-07-10,2023-07-17,,,,,
CAND-01219,,Site Corporativo,0.0,0,2023-07-08,2023-07-18,2023-07-19,,,,
CAND-01220,,Agência,6946.67,3,2022-05-02,2022-05-10,2022-05-14,2022-05-17,2022-05-23,2022-05-26,
CAND-01221,,Site Corporativo,147.67,0,2023-12-25,2023-12-29,2023-12-31,2024-01-09,,,
CAND-01222,,Gupy,416.52,0,2022-04-23,2022-05-04,2022-05-09,,,,
CAND-01223,,Indicação Interna,0.0,0,2023-08-09,2023-08-18,2023-08-20,,,,
CAND-01224,,Site Corporativo,0.0,0,2023-02-05,2023-02-11,2023-02-15,,,,
CAND-01225,,Gupy,0.0,0,2022-12-28,2023-01-11,,,,,
CAND-01226,,Site Corporativo,0.0,0,2022-11-25,2022-11-27,2022-11-28,2022-12-06,,,
CAND-01227,,Agência,6249.62,0,2023-08-21,2023-08-23,,,,,
CAND-01228,,Agência,0.0,0,2023-10-03,2023-10-10,2023-10-14,2023-10-22,,,
CAND-01229,,Agência,0.0,0,2022-02-27,2022-03-11,2022-03-13,,,,
CAND-01230,,Agência,5909.31,0,2023-08-30,2023-09-02,,,,,
CAND-01231,,LinkedIn,0.0,3,2022-03-09,2022-03-24,2022-03-27,2022-04-04,2022-04-11,,
CAND-01232,,Gupy,325.17,0,2023-08-05,2023-08-15,,,,,
CAND-01233,,Gupy,0.0,0,2022-10-01,2022-10-03,2022-10-08,2022-10-16,,,
CAND-01234,,Agência,0.0,0,2023-02-04,2023-02-11,2023-02-15,2023-02-21,,,
CAND-01235,,LinkedIn,0.0,0,2023-05-30,2023-06-13,,,,,
CAND-01236,,Agência,0.0,0,2022-12-14,2022-12-18,2022-12-21,,,,
CAND-01237,,LinkedIn,773.47,0,2022-07-26,2022-08-04,2022-08-05,,,,
CAND-01238,,Agência,6518.34,0,2023-07-03,2023-07-08,2023-07-09,2023-07-18,,,
CAND-01239,,Indicação Interna,1665.96,0,2023-10-02,2023-10-15,,,,,
CAND-01240,,Indicação Interna,0.0,0,2024-01-05,2024-01-20,2024-01-25,2024-01-29,,,
CAND-01241,,Site Corporativo,0.0,0,2023-06-28,2023-07-07,2023-07-10,,,,
CAND-01242,,Agência,5953.94,4,2023-10-30,2023-11-14,2023-11-17,2023-11-25,2023-11-30,2023-12-05,
CAND-01243,,Gupy,0.0,0,2023-04-10,2023-04-22,,,,,
CAND-01244,,Site Corporativo,143.9,0,2022-07-04,2022-07-06,2022-07-11,,,,
CAND-01245,,Indicação Interna,0.0,0,2023-08-14,2023-08-23,2023-08-27,2023-09-05,,,
CAND-01246,,Agência,0.0,3,2024-01-15,2024-01-27,2024-01-29,2024-02-03,2024-02-10,2024-02-13,
CAND-01247,,Site Corporativo,0.0,0,2023-03-22,2023-03-30,2023-03-31,,,,
CAND-01248,,Agência,0.0,0,2023-02-27,2023-03-05,,,,,
CAND-01249,,Indicação Interna,0.0,3,2023-10-24,2023-10-28,2023-11-02,2023-11-08,2023-11-11,2023-11-14,
CAND-01250,,Site Corporativo,0.0,5,2023-04-21,2023-04-30,2023-05-04,2023-05-07,2023-05-11,2023-05-14,
CAND-01251,,Indicação Interna,0.0,0,2022-10-12,2022-10-24,2022-10-25,,,,
CAND-01252,,LinkedIn,686.71,0,2023-05-13,2023-05-27,2023-05-28,2023-06-04,,,
CAND-01253,,Indicação Interna,1695.14,6,2023-02-21,2023-02-28,2023-03-01,2023-03-06,2023-03-12,2023-03-13,
CAND-01254,,Agência,0.0,0,2023-06-19,2023-07-01,,,,,
CAND-01255,,Gupy,347.03,0,2023-06-22,2023-06-28,2023-06-29,2023-07-03,,,
CAND-01256,,Indicação Interna,0.0,0,2022-11-17,2022-11-24,,,,,
CAND-01257,,Gupy,0.0,0,2023-02-04,2023-02-18,,,,,
CAND-01258,,LinkedIn,0.0,0,2022-08-30,2022-09-07,2022-09-08,2022-09-15,,,
CAND-01259,,Site Corporativo,0.0,0,2022-09-18,2022-10-03,2022-10-07,,,,
CAND-01260,,Site Corporativo,125.83,0,2023-12-18,2023-12-21,2023-12-25,2023-12-31,,,
CAND-01261,,Gupy,0.0,0,2022-05-29,2022-06-05,2022-06-08,,,,
CAND-01262,,Site Corporativo,173.95,0,2022-01-22,2022-02-03,,,,,
CAND-01263,,Indicação Interna,0.0,0,2023-09-13,2023-09-15,,,,,
CAND-01264,,Gupy,361.6,0,2023-11-10,2023-11-24,,,,,
CAND-01265,,Agência,5867.21,0,2023-12-09,2023-12-23,2023-12-26,,,,
CAND-01266,,Indicação Interna,0.0,0,2022-11-13,2022-11-25,,,,,
CAND-01267,,Indicação Interna,0.0,0,2023-01-07,2023-01-21,2023-01-26,,,,
CAND-01268,,Indicação Interna,0.0,0,2023-03-30,2023-04-07,2023-04-11,,,,
CAND-01269,,Agência,0.0,0,2022-09-19,2022-09-25,2022-09-27,2022-10-02,,,
CAND-01270,,LinkedIn,0.0,0,2023-10-09,2023-10-16,,,,,
CAND-01271,,Site Corporativo,137.31,0,2023-10-22,2023-10-30,,,,,
CAND-01272,,Gupy,379.34,0,2022-10-08,2022-10-23,2022-10-27,2022-11-05,,,
CAND-01273,,LinkedIn,0.0,0,2022-12-07,2022-12-20,2022-12-21,,,,
CAND-01274,,Gupy,471.17,0,2023-12-17,2023-12-23,2023-12-26,2024-01-03,,,
CAND-01275,,Site Corporativo,158.03,0,2022-01-29,2022-02-12,2022-02-14,,,,
CAND-01276,,Agência,0.0,0,2023-10-19,2023-10-23,2023-10-25,,,,
CAND-01277,,Indicação Interna,0.0,0,2022-11-18,2022-11-29,2022-12-01,2022-12-06,,,
CAND-01278,,Indicação Interna,1646.24,0,2023-12-04,2023-12-12,,,,,
CAND-01279,,Agência,0.0,0,2022-11-24,2022-12-03,2022-12-05,2022-12-13,,,
CAND-01280,,LinkedIn,733.55,0,2022-07-23,2022-07-26,2022-07-28,2022-08-06,,,
CAND-01281,,LinkedIn,0.0,0,2023-08-08,2023-08-13,2023-08-14,,,,
CAND-01282,,Gupy,0.0,0,2023-10-25,2023-11-05,2023-11-06,,,,
CAND-01283,,Agência,5307.99,0,2022-07-23,2022-07-29,,,,,
CAND-01284,,LinkedIn,0.0,0,2022-06-22,2022-06-24,2022-06-28,,,,
CAND-01285,,Agência,0.0,0,2022-06-02,2022-06-05,,,,,
CAND-01286,,Site Corporativo,163.27,0,2022-06-24,2022-07-05,2022-07-10,2022-07-20,,,
CAND-01287,,Indicação Interna,0.0,4,2023-05-22,2023-05-25,2023-05-27,2023-06-03,2023-06-08,2023-06-12,
CAND-01288,,Indicação Interna,0.0,0,2022-07-31,2022-08-11,2022-08-14,,,,
CAND-01289,,Indicação Interna,0.0,6,2022-07-13,2022-07-21,2022-07-23,2022-07-30,2022-08-04,,
CAND-01290,,Agência,0.0,5,2023-01-14,2023-01-25,2023-01-29,2023-02-08,2023-02-12,,
CAND-01291,,Agência,5626.11,0,2023-02-12,2023-02-24,2023-02-28,,,,
CAND-01292,,Gupy,456.42,0,2023-09-04,2023-09-10,2023-09-15,2023-09-23,,,
CAND-01293,,Indicação Interna,0.0,0,2023-04-28,2023-05-05,,,,,
CAND-01294,,Gupy,0.0,0,2023-11-18,2023-12-02,2023-12-03,2023-12-12,,,
CAND-01295,,Indicação Interna,0.0,6,2023-02-09,2023-02-21,2023-02-26,2023-03-03,2023-03-09,2023-03-12,
CAND-01296,,Gupy,0.0,4,2023-04-25,2023-04-29,2023-05-04,2023-05-11,2023-05-13,,
CAND-01297,,Gupy,404.04,0,2023-05-27,2023-06-11,,,,,
CAND-01298,,Site Corporativo,173.83,0,2022-10-15,2022-10-28,2022-11-01,2022-11-08,,,
CAND-01299,,Gupy,471.51,0,2022-09-28,2022-10-08,2022-10-10,2022-10-20,,,
CAND-01300,,Agência,0.0,0,2022-06-04,2022-06-14,,,,,
CAND-01301,,Gupy,0.0,0,2023-11-05,2023-11-17,,,,,
CAND-01302,,Indicação Interna,1366.99,3,2022-02-24,2022-03-01,2022-03-03,2022-03-13,2022-03-20,2022-03-21,
CAND-01303,,Gupy,0.0,5,2023-05-22,2023-05-24,2023-05-29,2023-06-08,2023-06-15,,
CAND-01304,,LinkedIn,0.0,0,2022-05-07,2022-05-14,2022-05-17,2022-05-22,,,
CAND-01305,,Indicação Interna,0.0,0,2022-10-07,2022-10-18,,,,,
CAND-01306,,LinkedIn,0.0,0,2023-08-23,2023-08-28,2023-08-29,,,,
CAND-01307,,Indicação Interna,0.0,0,2023-08-08,2023-08-12,2023-08-13,2023-08-23,,,
CAND-01308,,Agência,0.0,0,2022-12-03,2022-12-05,2022-12-06,2022-12-10,,,
CAND-01309,,Agência,0.0,0,2022-06-07,2022-06-09,2022-06-13,2022-06-20,,,
CAND-01310,,Agência,0.0,0,2022-01-06,2022-01-13,,,,,
CAND-01311,,LinkedIn,0.0,0,2023-11-03,2023-11-14,,,,,
CAND-01312,,Site Corporativo,0.0,0,2022-11-29,2022-12-12,,,,,
CAND-01313,,Indicação Interna,0.0,0,2023-08-06,2023-08-10,2023-08-11,,,,
CAND-01314,,Agência,5286.07,0,2022-10-17,2022-10-24,,,,,
CAND-01315,,Indicação Interna,0.0,0,2022-03-14,2022-03-24,,,,,
CAND-01316,,LinkedIn,0.0,4,2023-01-26,2023-01-29,2023-01-31,2023-02-09,2023-02-12,2023-02-16,
CAND-01317,,Site Corporativo,139.77,0,2022-10-19,2022-10-31,,,,,
CAND-01318,,LinkedIn,817.05,0,2023-11-01,2023-11-05,2023-11-09,,,,
CAND-01319,,Indicação Interna,0.0,0,2022-11-14,2022-11-26,2022-11-29,,,,
CAND-01320,,Site Corporativo,0.0,0,2023-01-12,2023-01-22,2023-01-26,,,,
CAND-01321,,Site Corporativo,0.0,0,2023-05-03,2023-05-09,2023-05-13,2023-05-22,,,
CAND-01322,,LinkedIn,0.0,0,2023-09-21,2023-09-25,2023-09-29,2023-10-07,,,
CAND-01323,,Agência,6160.09,0,2023-11-24,2023-11-29,2023-12-01,,,,
CAND-01324,,Indicação Interna,1353.64,4,2023-06-24,2023-07-06,2023-07-07,2023-07-16,2023-07-21,2023-07-23,
CAND-01325,,Gupy,0.0,0,2023-12-02,2023-12-08,,,,,
CAND-01326,,Gupy,0.0,0,2023-06-20,2023-06-28,2023-06-29,,,,
CAND-01327,,LinkedIn,0.0,0,2022-02-16,2022-02-26,2022-03-02,2022-03-12,,,
CAND-01328,,Indicação Interna,1613.78,0,2023-08-06,2023-08-21,2023-08-24,,,,
CAND-01329,,Indicação Interna,0.0,0,2023-05-31,2023-06-02,2023-06-06,2023-06-11,,,
CAND-01330,,LinkedIn,834.92,0,2022-02-16,2022-02-19,2022-02-22,2022-03-04,,,
CAND-01331,,Indicação Interna,0.0,0,2023-04-06,2023-04-17,,,,,
CAND-01332,,Agência,5256.03,0,2022-12-16,2022-12-31,,,,,
CAND-01333,,LinkedIn,0.0,0,2022-08-05,2022-08-09,2022-08-14,2022-08-18,,,
CAND-01334,,Agência,6967.52,0,2022-01-19,2022-01-21,2022-01-22,2022-02-01,,,
CAND-01335,,Indicação Interna,0.0,0,2023-02-19,2023-03-06,2023-03-11,,,,
CAND-01336,,LinkedIn,712.83,0,2022-11-07,2022-11-18,,,,,
CAND-01337,,Indicação Interna,0.0,0,2023-09-24,2023-10-01,2023-10-05,,,,
CAND-01338,,LinkedIn,0.0,0,2022-03-31,2022-04-04,2022-04-06,2022-04-09,,,
CAND-01339,,Indicação Interna,0.0,0,2022-07-12,2022-07-27,2022-07-31,,,,
CAND-01340,,Agência,0.0,0,2023-10-28,2023-11-02,2023-11-07,2023-11-14,,,
CAND-01341,,Agência,0.0,0,2022-06-01,2022-06-10,2022-06-11,2022-06-16,,,
CAND-01342,,Indicação Interna,0.0,0,2023-04-01,2023-04-10,2023-04-14,,,,
CAND-01343,,LinkedIn,0.0,3,2022-07-26,2022-08-01,2022-08-05,2022-08-08,2022-08-15,2022-08-19,
CAND-01344,,Gupy,338.63,0,2023-05-23,2023-06-05,2023-06-10,,,,
CAND-01345,,Agência,5273.75,0,2022-02-07,2022-02-16,2022-02-21,,,,
CAND-01346,,Agência,0.0,0,2023-09-19,2023-10-01,,,,,
CAND-01347,,Gupy,397.96,0,2023-05-15,2023-05-20,,,,,
CAND-01348,,Indicação Interna,0.0,0,2023-06-25,2023-06-27,2023-06-30,,,,
CAND-01349,,LinkedIn,0.0,0,2022-10-02,2022-10-14,2022-10-18,2022-10-26,,,
CAND-01350,,Indicação Interna,0.0,6,2023-03-23,2023-03-25,2023-03-27,2023-04-06,2023-04-09,2023-04-12,
CAND-01351,,Site Corporativo,173.19,0,2023-09-09,2023-09-24,,,,,
CAND-01352,,Agência,0.0,0,2023-11-04,2023-11-13,2023-11-16,,,,
CAND-01353,,Site Corporativo,168.35,0,2023-02-04,2023-02-12,,,,,
CAND-01354,,Agência,0.0,0,2023-11-21,2023-12-03,,,,,
CAND-01355,,Agência,0.0,0,2023-04-29,2023-05-13,,,,,
CAND-01356,,Site Corporativo,165.27,0,2022-06-15,2022-06-26,2022-06-27,,,,
CAND-01357,,Site Corporativo,0.0,0,2022-05-13,2022-05-17,2022-05-22,2022-05-31,,,
CAND-01358,,Indicação Interna,0.0,0,2023-05-21,2023-05-27,2023-06-01,2023-06-04,,,
CAND-01359,,Site Corporativo,150.44,0,2022-09-25,2022-10-02,2022-10-04,,,,
CAND-01360,,Indicação Interna,0.0,0,2023-05-31,2023-06-02,,,,,
CAND-01361,,Indicação Interna,0.0,0,2022-12-12,2022-12-20,2022-12-22,2022-12-28,,,
CAND-01362,,Indicação Interna,1720.36,0,2022-12-15,2022-12-29,2022-12-30,,,,
CAND-01363,,Agência,5460.69,0,2023-07-25,2023-07-31,,,,,
CAND-01364,,Agência,0.0,0,2023-12-08,2023-12-23,2023-12-24,,,,
CAND-01365,,Site Corporativo,0.0,0,2023-03-25,2023-04-08,2023-04-09,,,,
CAND-01366,,Agência,0.0,0,2023-09-18,2023-09-29,,,,,
CAND-01367,,Site Corporativo,0.0,0,2022-04-15,2022-04-30,2022-05-05,2022-05-09,,,
CAND-01368,,Agência,0.0,0,2023-01-06,2023-01-10,,,,,
CAND-01369,,LinkedIn,0.0,0,2023-12-27,2024-01-05,,,,,
CAND-01370,,LinkedIn,0.0,0,2023-05-26,2023-06-08,,,,,
CAND-01371,,Site Corporativo,0.0,0,2022-06-07,2022-06-19,2022-06-21,2022-06-27,,,
CAND-01372,,Agência,0.0,0,2023-03-02,2023-03-16,,,,,
CAND-01373,,Agência,4957.34,0,2022-09-09,2022-09-24,,,,,
CAND-01374,,Indicação Interna,0.0,0,2022-12-16,2022-12-22,2022-12-23,2023-01-01,,,
CAND-01375,,Gupy,0.0,2,2023-11-12,2023-11-17,2023-11-22,2023-11-28,2023-12-03,2023-12-07,
CAND-01376,,Site Corporativo,0.0,0,2023-04-15,2023-04-30,2023-05-03,,,,
CAND-01377,,Gupy,0.0,0,2023-03-30,2023-04-03,,,,,
CAND-01378,,Gupy,0.0,0,2024-01-05,2024-01-19,2024-01-20,2024-01-28,,,
CAND-01379,,Site Corporativo,0.0,0,2022-06-18,2022-06-26,2022-06-27,,,,
CAND-01380,,Agência,6669.1,0,2023-10-19,2023-10-23,,,,,
CAND-01381,,Site Corporativo,0.0,0,2022-03-01,2022-03-13,,,,,
CAND-01382,,Gupy,400.28,0,2023-11-08,2023-11-18,,,,,
CAND-01383,,Agência,0.0,0,2023-03-06,2023-03-14,,,,,
CAND-01384,,LinkedIn,0.0,0,2023-12-19,2023-12-29,,,,,
CAND-01385,,Site Corporativo,138.0,0,2024-01-09,2024-01-22,2024-01-25,2024-02-01,,,
CAND-01386,,Site Corporativo,0.0,0,2023-09-18,2023-09-22,,,,,
CAND-01387,,Agência,0.0,0,2023-04-02,2023-04-14,2023-04-19,,,,
CAND-01388,,LinkedIn,690.04,0,2023-09-26,2023-10-08,2023-10-11,,,,
CAND-01389,,LinkedIn,0.0,0,2023-10-27,2023-11-04,,,,,
CAND-01390,,Agência,0.0,0,2022-11-05,2022-11-08,2022-11-11,2022-11-16,,,
CAND-01391,,Indicação Interna,0.0,0,2023-07-08,2023-07-14,2023-07-19,,,,
CAND-01392,,Site Corporativo,0.0,0,2023-06-18,2023-06-25,,,,,
CAND-01393,,Site Corporativo,177.4,0,2022-06-13,2022-06-15,2022-06-20,,,,
CAND-01394,,Gupy,0.0,0,2022-09-05,2022-09-20,,,,,
CAND-01395,,Agência,0.0,0,2024-01-14,2024-01-22,,,,,
CAND-01396,,Gupy,0.0,4,2022-04-24,2022-05-07,2022-05-10,2022-05-18,2022-05-25,,
CAND-01397,,Gupy,0.0,0,2023-04-05,2023-04-11,2023-04-12,2023-04-18,,,
CAND-01398,,LinkedIn,938.51,0,2023-08-19,2023-08-30,,,,,
CAND-01399,,Site Corporativo,0.0,4,2023-10-05,2023-10-17,2023-10-22,2023-10-29,2023-11-05,2023-11-07,
CAND-01400,,Gupy,0.0,0,2024-01-02,2024-01-10,2024-01-12,2024-01-18,,,
CAND-01401,,LinkedIn,0.0,0,2023-01-05,2023-01-14,2023-01-18,,,,
CAND-01402,,Agência,5600.93,3,2022-03-25,2022-03-28,2022-03-30,2022-04-09,2022-04-16,2022-04-21,
CAND-01403,,Gupy,0.0,0,2023-07-27,2023-08-06,,,,,
CAND-01404,,Site Corporativo,0.0,0,2022-09-28,2022-10-09,2022-10-13,,,,
CAND-01405,,Gupy,0.0,0,2023-12-07,2023-12-16,,,,,
CAND-01406,,Agência,0.0,2,2023-03-03,2023-03-18,2023-03-23,2023-04-02,2023-04-09,2023-04-14,
CAND-01407,,Gupy,0.0,0,2022-05-01,2022-05-14,2022-05-18,2022-05-23,,,
CAND-01408,,Site Corporativo,0.0,0,2023-01-14,2023-01-17,2023-01-21,2023-01-29,,,
CAND-01409,,LinkedIn,0.0,0,2022-02-11,2022-02-21,2022-02-24,2022-03-04,,,
CAND-01410,,Site Corporativo,0.0,0,2023-05-13,2023-05-15,,,,,
CAND-01411,,LinkedIn,0.0,0,2022-05-26,2022-06-09,2022-06-10,,,,
CAND-01412,,Indicação Interna,0.0,2,2022-11-09,2022-11-15,2022-11-19,2022-11-27,2022-11-29,2022-12-04,
CAND-01413,,Site Corporativo,0.0,0,2022-11-14,2022-11-25,2022-11-28,,,,
CAND-01414,,Site Corporativo,0.0,0,2023-05-02,2023-05-17,,,,,
CAND-01415,,Agência,0.0,0,2023-09-13,2023-09-17,,,,,
CAND-01416,,Gupy,432.69,0,2023-06-01,2023-06-13,2023-06-17,,,,
CAND-01417,,LinkedIn,869.34,0,2022-06-02,2022-06-17,,,,,
CAND-01418,,LinkedIn,759.51,0,2022-04-02,2022-04-16,2022-04-21,2022-04-27,,,
CAND-01419,,Agência,0.0,0,2022-12-14,2022-12-24,2022-12-28,,,,
CAND-01420,,Agência,0.0,0,2023-10-24,2023-10-27,,,,,
CAND-01421,,Gupy,0.0,0,2023-12-26,2023-12-28,2023-12-31,,,,
CAND-01422,,Gupy,0.0,0,2022-05-07,2022-05-19,2022-05-21,,,,
CAND-01423,,Site Corporativo,132.9,0,2023-07-09,2023-07-20,,,,,
CAND-01424,,Indicação Interna,0.0,0,2023-08-07,2023-08-17,2023-08-21,,,,
CAND-01425,,Gupy,0.0,2,2022-01-20,2022-01-23,2022-01-28,2022-01-31,2022-02-03,2022-02-08,
CAND-01426,,Agência,5383.53,0,2023-03-31,2023-04-03,,,,,
CAND-01427,,Gupy,0.0,0,2023-09-14,2023-09-21,2023-09-22,2023-09-25,,,
CAND-01428,,LinkedIn,0.0,5,2022-07-04,2022-07-12,2022-07-17,2022-07-24,2022-07-26,2022-07-29,
CAND-01429,,Indicação Interna,0.0,0,2022-05-28,2022-06-01,2022-06-02,2022-06-11,,,
CAND-01430,,Site Corporativo,0.0,0,2022-03-02,2022-03-13,,,,,
CAND-01431,,LinkedIn,0.0,0,2022-07-05,2022-07-07,,,,,
CAND-01432,,LinkedIn,851.01,4,2022-11-02,2022-11-10,2022-11-12,2022-11-20,2022-11-22,2022-11-24,
CAND-01433,,Indicação Interna,0.0,0,2023-09-04,2023-09-15,2023-09-20,,,,
CAND-01434,,Site Corporativo,0.0,2,2023-01-30,2023-02-02,2023-02-05,2023-02-14,2023-02-16,2023-02-18,
CAND-01435,,Agência,0.0,0,2022-01-20,2022-01-26,2022-01-31,,,,
CAND-01436,,Site Corporativo,156.4,0,2022-09-10,2022-09-24,2022-09-26,2022-10-05,,,
CAND-01437,,Gupy,0.0,0,2023-10-14,2023-10-24,2023-10-26,2023-10-31,,,
CAND-01438,,LinkedIn,844.68,0,2023-07-05,2023-07-13,,,,,
CAND-01439,,Gupy,379.11,0,2023-07-23,2023-08-01,2023-08-05,,,,
CAND-01440,,Agência,0.0,6,2023-09-28,2023-10-04,2023-10-06,2023-10-16,2023-10-20,,
CAND-01441,,Gupy,341.49,0,2023-01-25,2023-02-01,,,,,
CAND-01442,,Site Corporativo,0.0,0,2022-08-06,2022-08-17,,,,,
CAND-01443,,Gupy,0.0,0,2022-10-16,2022-10-18,2022-10-23,,,,
CAND-01444,,Agência,0.0,0,2022-11-04,2022-11-07,2022-11-08,,,,
CAND-01445,,Agência,0.0,0,2024-01-13,2024-01-23,,,,,
CAND-01446,,Agência,5161.01,0,2023-03-19,2023-03-24,2023-03-27,,,,
CAND-01447,,Site Corporativo,132.0,0,2022-12-17,2022-12-29,2023-01-02,2023-01-10,,,
CAND-01448,,Agência,5388.54,0,2023-04-16,2023-04-27,2023-04-29,,,,
CAND-01449,,LinkedIn,0.0,0,2022-01-03,2022-01-14,2022-01-15,,,,
CAND-01450,,Agência,0.0,0,2023-02-28,2023-03-10,,,,,
CAND-01451,,Gupy,404.96,0,2023-12-22,2023-12-31,,,,,
CAND-01452,,Gupy,323.5,0,2023-07-06,2023-07-09,,,,,
CAND-01453,,Gupy,0.0,0,2023-10-27,2023-11-08,2023-11-09,,,,
CAND-01454,,Site Corporativo,167.15,0,2023-11-19,2023-11-28,2023-12-01,,,,
CAND-01455,,Gupy,0.0,5,2023-01-21,2023-02-05,2023-02-09,2023-02-12,2023-02-16,,
CAND-01456,,Site Corporativo,0.0,0,2023-04-01,2023-04-03,2023-04-04,,,,
CAND-01457,,Site Corporativo,0.0,0,2023-11-28,2023-12-11,2023-12-12,,,,
CAND-01458,,Agência,0.0,0,2023-10-03,2023-10-09,,,,,
CAND-01459,,LinkedIn,0.0,0,2022-08-15,2022-08-20,,,,,
CAND-01460,,Agência,0.0,0,2023-01-07,2023-01-09,2023-01-14,2023-01-20,,,
CAND-01461,,Agência,5923.98,0,2023-10-16,2023-10-24,2023-10-27,,,,
CAND-01462,,Site Corporativo,0.0,0,2023-05-21,2023-05-25,2023-05-30,,,,
CAND-01463,,Site Corporativo,0.0,2,2023-09-10,2023-09-21,2023-09-26,2023-09-30,2023-10-06,,
CAND-01464,,Gupy,0.0,0,2023-06-20,2023-07-03,,,,,
CAND-01465,,Gupy,0.0,0,2022-07-16,2022-07-31,2022-08-05,,,,
CAND-01466,,Agência,6594.36,0,2023-11-29,2023-12-09,,,,,
CAND-01467,,Indicação Interna,1271.51,0,2022-01-03,2022-01-11,2022-01-12,,,,
CAND-01468,,Indicação Interna,0.0,0,2022-11-27,2022-12-05,,,,,
CAND-01469,,Gupy,0.0,0,2023-02-21,2023-02-27,2023-03-04,2023-03-12,,,
CAND-01470,,Indicação Interna,0.0,0,2022-02-14,2022-02-27,2022-03-02,,,,
CAND-01471,,Gupy,404.54,0,2023-06-30,2023-07-09,2023-07-13,2023-07-17,,,
CAND-01472,,Site Corporativo,0.0,0,2022-01-26,2022-02-08,2022-02-12,,,,
CAND-01473,,Agência,0.0,5,2022-09-13,2022-09-18,2022-09-21,2022-09-25,2022-09-30,,
CAND-01474,,LinkedIn,779.91,0,2023-08-30,2023-09-13,2023-09-16,,,,
CAND-01475,,Agência,6010.11,0,2022-09-11,2022-09-14,2022-09-17,,,,
CAND-01476,,Gupy,0.0,0,2022-12-08,2022-12-18,,,,,
CAND-01477,,Gupy,0.0,0,2022-03-16,2022-03-30,2022-04-03,,,,
CAND-01478,,Agência,0.0,0,2023-10-03,2023-10-12,2023-10-13,,,,
CAND-01479,,Gupy,0.0,0,2022-02-04,2022-02-12,2022-02-13,,,,
CAND-01480,,Indicação Interna,0.0,0,2022-03-05,2022-03-19,2022-03-22,,,,
CAND-01481,,Indicação Interna,0.0,0,2023-03-19,2023-03-22,2023-03-23,,,,
CAND-01482,,Gupy,0.0,0,2022-10-29,2022-11-13,2022-11-14,,,,
CAND-01483,,Gupy,0.0,0,2023-02-25,2023-03-02,,,,,
CAND-01484,,Indicação Interna,0.0,0,2023-11-07,2023-11-18,2023-11-22,2023-12-01,,,
CAND-01485,,Gupy,0.0,0,2023-09-27,2023-09-30,2023-10-01,2023-10-09,,,
CAND-01486,,Gupy,0.0,0,2022-04-21,2022-04-24,2022-04-25,,,,
CAND-01487,,Agência,0.0,0,2022-07-18,2022-07-29,2022-08-03,2022-08-12,,,
CAND-01488,,LinkedIn,935.2,0,2023-09-28,2023-10-07,2023-10-09,,,,
CAND-01489,,Indicação Interna,0.0,0,2022-03-03,2022-03-07,2022-03-11,,,,
CAND-01490,,Agência,0.0,0,2023-10-30,2023-11-13,2023-11-18,,,,
CAND-01491,,LinkedIn,0.0,0,2022-05-30,2022-06-03,2022-06-08,2022-06-16,,,
CAND-01492,,Gupy,0.0,0,2023-06-15,2023-06-26,2023-06-28,2023-07-01,,,
CAND-01493,,Gupy,0.0,0,2022-07-20,2022-07-25,2022-07-27,,,,
CAND-01494,,Agência,5883.09,0,2022-12-16,2022-12-21,2022-12-25,,,,
CAND-01495,,Gupy,0.0,0,2022-12-06,2022-12-21,2022-12-24,,,,
CAND-01496,,Site Corporativo,0.0,0,2023-03-05,2023-03-12,2023-03-16,,,,
CAND-01497,,Agência,0.0,0,2022-02-13,2022-02-22,2022-02-23,,,,
CAND-01498,,LinkedIn,847.31,0,2023-12-11,2023-12-16,2023-12-18,2023-12-26,,,
CAND-01499,,Agência,0.0,0,2023-01-20,2023-01-25,2023-01-26,2023-01-30,,,
CAND-01500,,Indicação Interna,0.0,2,2023-07-23,2023-07-26,2023-07-30,2023-08-07,2023-08-09,2023-08-12,
CAND-01501,,Agência,0.0,0,2022-06-28,2022-07-03,,,,,
CAND-01502,,Gupy,0.0,2,2024-01-07,2024-01-11,2024-01-16,2024-01-22,2024-01-26,,
CAND-01503,,Gupy,0.0,0,2022-01-22,2022-02-06,2022-02-10,,,,
CAND-01504,,Site Corporativo,154.48,0,2022-04-24,2022-05-01,,,,,
CAND-01505,,Site Corporativo,169.69,0,2022-11-09,2022-11-18,2022-11-21,,,,
CAND-01506,,Site Corporativo,133.51,0,2023-06-24,2023-07-08,,,,,
CAND-01507,,LinkedIn,0.0,0,2023-03-21,2023-04-03,2023-04-05,,,,
CAND-01508,,Site Corporativo,133.37,0,2022-05-14,2022-05-28,2022-06-02,2022-06-10,,,
CAND-01509,,LinkedIn,0.0,0,2023-03-16,2023-03-28,2023-03-29,,,,
CAND-01510,,Site Corporativo,0.0,0,2023-08-25,2023-08-30,,,,,
CAND-01511,,LinkedIn,0.0,0,2022-10-29,2022-11-12,2022-11-14,2022-11-21,,,
CAND-01512,,Agência,0.0,0,2023-06-05,2023-06-16,,,,,
CAND-01513,,Agência,0.0,0,2022-08-03,2022-08-16,2022-08-20,,,,
CAND-01514,,Gupy,0.0,0,2023-09-22,2023-09-25,2023-09-29,,,,
CAND-01515,,LinkedIn,0.0,0,2023-10-23,2023-11-06,2023-11-10,,,,
CAND-01516,,Indicação Interna,0.0,0,2022-07-03,2022-07-10,,,,,
CAND-01517,,Gupy,0.0,0,2023-06-23,2023-07-06,2023-07-10,2023-07-19,,,
CAND-01518,,Agência,6655.18,0,2023-08-21,2023-09-02,2023-09-04,,,,
CAND-01519,,LinkedIn,698.11,0,2023-04-08,2023-04-23,2023-04-25,2023-05-04,,,
CAND-01520,,Site Corporativo,156.12,0,2023-01-19,2023-01-25,2023-01-27,,,,
CAND-01521,,Indicação Interna,0.0,0,2022-10-30,2022-11-08,2022-11-10,,,,
CAND-01522,,Agência,0.0,0,2023-04-22,2023-05-02,2023-05-06,2023-05-15,,,
CAND-01523,,Gupy,0.0,4,2023-05-25,2023-06-01,2023-06-02,2023-06-08,2023-06-10,2023-06-11,
CAND-01524,,LinkedIn,0.0,0,2022-10-29,2022-11-13,2022-11-18,,,,
CAND-01525,,Indicação Interna,0.0,0,2022-10-11,2022-10-16,2022-10-17,2022-10-23,,,
CAND-01526,,LinkedIn,0.0,0,2023-11-23,2023-11-30,2023-12-03,2023-12-08,,,
CAND-01527,,Site Corporativo,132.53,6,2024-01-04,2024-01-17,2024-01-20,2024-01-27,2024-01-31,2024-02-04,
CAND-01528,,Gupy,0.0,0,2023-02-20,2023-03-07,2023-03-08,2023-03-13,,,
CAND-01529,,LinkedIn,0.0,0,2022-08-22,2022-08-27,,,,,
CAND-01530,,Agência,7047.13,0,2022-08-03,2022-08-12,2022-08-17,,,,
CAND-01531,,Gupy,376.86,0,2023-04-25,2023-05-08,,,,,
CAND-01532,,Agência,6957.31,4,2022-12-15,2022-12-29,2022-12-31,2023-01-09,2023-01-14,,
CAND-01533,,LinkedIn,0.0,0,2022-01-31,2022-02-07,2022-02-09,2022-02-12,,,
CAND-01534,,Gupy,0.0,0,2023-11-06,2023-11-21,2023-11-23,2023-12-02,,,
CAND-01535,,Agência,0.0,0,2023-12-09,2023-12-19,2023-12-24,2023-12-27,,,
CAND-01536,,Site Corporativo,0.0,0,2022-06-07,2022-06-14,2022-06-19,,,,
CAND-01537,,Site Corporativo,0.0,6,2023-08-11,2023-08-26,2023-08-30,2023-09-08,2023-09-13,2023-09-14,
CAND-01538,,LinkedIn,0.0,0,2022-12-03,2022-12-14,,,,,
CAND-01539,,Gupy,0.0,0,2023-10-17,2023-10-23,2023-10-24,,,,
CAND-01540,,Indicação Interna,0.0,0,2022-07-01,2022-07-03,,,,,
CAND-01541,,Gupy,0.0,2,2023-09-10,2023-09-19,2023-09-21,2023-09-30,2023-10-03,2023-10-08,
CAND-01542,,Site Corporativo,142.83,0,2022-03-13,2022-03-22,2022-03-27,2022-04-04,,,
CAND-01543,,Agência,0.0,0,2023-02-25,2023-03-05,2023-03-06,2023-03-15,,,
CAND-01544,,Indicação Interna,1305.06,0,2022-03-12,2022-03-20,,,,,
CAND-01545,,LinkedIn,0.0,0,2022-07-31,2022-08-04,,,,,
CAND-01546,,Indicação Interna,0.0,0,2022-11-14,2022-11-22,,,,,
CAND-01547,,LinkedIn,882.11,0,2023-11-12,2023-11-21,2023-11-26,,,,
CAND-01548,,Indicação Interna,1493.47,0,2023-08-25,2023-08-30,2023-09-03,2023-09-06,,,
CAND-01549,,LinkedIn,0.0,0,2023-04-02,2023-04-05,,,,,
CAND-01550,,LinkedIn,0.0,0,2023-09-12,2023-09-26,2023-09-29,,,,
CAND-01551,,Indicação Interna,0.0,0,2023-05-18,2023-05-27,2023-05-28,,,,
CAND-01552,,Indicação Interna,1791.09,0,2022-10-22,2022-11-03,,,,,
CAND-01553,,LinkedIn,0.0,0,2023-04-13,2023-04-20,,,,,
CAND-01554,,Site Corporativo,0.0,0,2023-12-30,2024-01-13,2024-01-18,,,,
CAND-01555,,Indicação Interna,1267.2,0,2022-06-29,2022-07-07,2022-07-12,,,,
CAND-01556,,Gupy,0.0,0,2023-04-14,2023-04-22,,,,,
CAND-01557,,Agência,6728.19,0,2022-07-07,2022-07-20,2022-07-24,,,,
CAND-01558,,LinkedIn,0.0,0,2022-02-14,2022-02-19,,,,,
CAND-01559,,LinkedIn,0.0,0,2022-06-11,2022-06-17,,,,,
CAND-01560,,Agência,0.0,0,2023-07-05,2023-07-11,2023-07-12,,,,
CAND-01561,,Site Corporativo,0.0,0,2024-01-10,2024-01-15,,,,,
CAND-01562,,Agência,0.0,0,2023-02-26,2023-03-12,2023-03-15,2023-03-19,,,
CAND-01563,,Indicação Interna,0.0,0,2022-11-30,2022-12-08,2022-12-11,2022-12-14,,,
CAND-01564,,Agência,0.0,0,2022-03-16,2022-03-28,2022-04-01,2022-04-10,,,
CAND-01565,,LinkedIn,0.0,0,2023-02-11,2023-02-13,2023-02-14,,,,
CAND-01566,,Agência,0.0,6,2022-05-20,2022-05-27,2022-05-31,2022-06-04,2022-06-11,2022-06-15,
CAND-01567,,Gupy,422.97,0,2022-05-24,2022-06-02,,,,,
CAND-01568,,Indicação Interna,0.0,0,2022-06-15,2022-06-19,,,,,
CAND-01569,,Agência,0.0,0,2023-09-14,2023-09-17,2023-09-18,,,,
CAND-01570,,LinkedIn,0.0,0,2023-02-05,2023-02-09,2023-02-10,,,,
CAND-01571,,Indicação Interna,1588.42,0,2022-06-07,2022-06-16,2022-06-18,,,,
CAND-01572,,LinkedIn,0.0,0,2023-11-23,2023-12-03,2023-12-04,,,,
CAND-01573,,Site Corporativo,134.94,0,2023-06-20,2023-07-02,2023-07-03,2023-07-10,,,
CAND-01574,,Gupy,0.0,0,2023-09-05,2023-09-07,2023-09-11,,,,
CAND-01575,,Site Corporativo,129.35,0,2022-09-13,2022-09-20,,,,,
CAND-01576,,Gupy,0.0,0,2022-07-24,2022-07-27,2022-07-28,,,,
CAND-01577,,Agência,0.0,0,2022-12-12,2022-12-27,2022-12-28,2023-01-01,,,
CAND-01578,,Indicação Interna,1681.43,0,2023-11-12,2023-11-16,,,,,
CAND-01579,,Agência,0.0,0,2022-02-15,2022-02-23,2022-02-26,2022-03-04,,,
CAND-01580,,Gupy,0.0,0,2023-07-09,2023-07-17,,,,,
CAND-01581,,Gupy,0.0,0,2022-05-04,2022-05-09,2022-05-12,2022-05-15,,,
CAND-01582,,Gupy,0.0,0,2022-11-20,2022-11-22,2022-11-26,2022-12-03,,,
CAND-01583,,LinkedIn,695.17,0,2023-01-13,2023-01-15,2023-01-17,2023-01-27,,,
CAND-01584,,Indicação Interna,0.0,0,2022-04-15,2022-04-28,2022-05-03,2022-05-07,,,
CAND-01585,,Agência,0.0,0,2023-10-09,2023-10-22,2023-10-24,2023-11-01,,,
CAND-01586,,Agência,0.0,0,2023-11-14,2023-11-23,2023-11-24,,,,
CAND-01587,,Site Corporativo,0.0,0,2023-08-23,2023-09-01,2023-09-03,,,,
CAND-01588,,Gupy,460.65,0,2023-12-23,2023-12-25,2023-12-30,,,,
CAND-01589,,Gupy,345.98,0,2022-05-08,2022-05-14,2022-05-18,,,,
CAND-01590,,Gupy,0.0,4,2023-09-27,2023-09-30,2023-10-03,2023-10-09,2023-10-12,2023-10-14,
CAND-01591,,Agência,0.0,0,2024-01-13,2024-01-24,,,,,
CAND-01592,,Site Corporativo,0.0,0,2023-03-31,2023-04-13,,,,,
CAND-01593,,LinkedIn,0.0,0,2022-05-18,2022-05-24,2022-05-25,,,,
CAND-01594,,Indicação Interna,1392.64,0,2023-03-01,2023-03-13,,,,,
CAND-01595,,LinkedIn,0.0,0,2022-01-25,2022-01-30,,,,,
CAND-01596,,Agência,0.0,0,2022-12-06,2022-12-13,2022-12-18,2022-12-24,,,
CAND-01597,,Gupy,0.0,0,2023-12-14,2023-12-27,2023-12-31,,,,
CAND-01598,,Indicação Interna,1723.22,0,2022-07-07,2022-07-16,2022-07-17,,,,
CAND-01599,,Agência,0.0,0,2022-03-13,2022-03-18,2022-03-20,,,,
CAND-01600,,Agência,5704.89,0,2022-05-09,2022-05-12,2022-05-17,,,,
CAND-01601,,Agência,0.0,0,2022-07-29,2022-08-03,2022-08-07,,,,
CAND-01602,,Indicação Interna,0.0,0,2022-11-15,2022-11-19,,,,,
CAND-01603,,Indicação Interna,1208.96,0,2022-09-08,2022-09-16,2022-09-18,2022-09-28,,,
CAND-01604,,Site Corporativo,0.0,0,2022-07-26,2022-08-01,,,,,
CAND-01605,,Site Corporativo,179.29,0,2023-05-08,2023-05-11,,,,,
CAND-01606,,LinkedIn,792.22,0,2023-01-04,2023-01-12,2023-01-16,2023-01-25,,,
CAND-01607,,Indicação Interna,0.0,0,2023-05-09,2023-05-11,,,,,
CAND-01608,,Indicação Interna,0.0,0,2023-03-14,2023-03-29,2023-04-01,,,,
CAND-01609,,Indicação Interna,0.0,0,2022-06-06,2022-06-16,,,,,
CAND-01610,,Site Corporativo,156.2,4,2022-09-21,2022-09-29,2022-10-03,2022-10-13,2022-10-16,2022-10-18,
CAND-01611,,Agência,0.0,0,2022-06-08,2022-06-13,2022-06-18,,,,
CAND-01612,,Gupy,0.0,0,2023-01-19,2023-01-28,2023-02-01,,,,
CAND-01613,,Site Corporativo,0.0,0,2023-01-18,2023-01-26,2023-01-31,2023-02-03,,,
CAND-01614,,Indicação Interna,0.0,0,2022-05-08,2022-05-16,,,,,
CAND-01615,,Site Corporativo,159.38,0,2022-06-16,2022-06-21,,,,,
CAND-01616,,LinkedIn,0.0,0,2022-09-19,2022-10-03,,,,,
CAND-01617,,Indicação Interna,0.0,0,2024-01-10,2024-01-17,2024-01-21,,,,
CAND-01618,,LinkedIn,0.0,0,2023-01-13,2023-01-26,2023-01-30,,,,
CAND-01619,,Indicação Interna,0.0,0,2022-09-10,2022-09-15,2022-09-18,,,,
CAND-01620,,Site Corporativo,0.0,0,2023-11-24,2023-11-26,2023-11-28,2023-12-08,,,
CAND-01621,,Agência,0.0,0,2022-05-31,2022-06-06,2022-06-11,,,,
CAND-01622,,Gupy,355.09,0,2022-06-15,2022-06-17,2022-06-18,,,,
CAND-01623,,LinkedIn,941.53,0,2023-01-29,2023-02-06,,,,,
CAND-01624,,Site Corporativo,124.93,0,2022-03-24,2022-04-03,,,,,
CAND-01625,,Agência,5769.21,0,2023-03-10,2023-03-14,,,,,
CAND-01626,,Site Corporativo,0.0,0,2022-09-16,2022-09-29,2022-10-04,,,,
CAND-01627,,LinkedIn,712.39,0,2023-01-27,2023-02-07,2023-02-11,,,,
CAND-01628,,Gupy,425.5,0,2024-01-16,2024-01-31,2024-02-05,,,,
CAND-01629,,Site Corporativo,0.0,0,2022-12-19,2023-01-03,2023-01-05,,,,
CAND-01630,,Indicação Interna,0.0,0,2023-02-12,2023-02-25,2023-02-27,,,,
CAND-01631,,Agência,0.0,0,2022-01-02,2022-01-05,2022-01-09,,,,
CAND-01632,,Site Corporativo,0.0,0,2023-11-02,2023-11-08,,,,,
CAND-01633,,Agência,0.0,0,2022-06-24,2022-06-28,2022-06-30,2022-07-05,,,
CAND-01634,,Indicação Interna,0.0,0,2022-04-23,2022-05-02,2022-05-04,2022-05-07,,,
CAND-01635,,Gupy,0.0,0,2022-07-16,2022-07-22,,,,,
CAND-01636,,Gupy,387.52,5,2023-02-23,2023-03-04,2023-03-09,2023-03-14,2023-03-16,2023-03-19,
CAND-01637,,Indicação Interna,0.0,4,2022-03-07,2022-03-14,2022-03-16,2022-03-20,2022-03-24,2022-03-25,
CAND-01638,,Agência,0.0,0,2023-11-13,2023-11-24,,,,,
CAND-01639,,Site Corporativo,0.0,0,2022-02-12,2022-02-15,2022-02-16,2022-02-23,,,
CAND-01640,,Indicação Interna,1743.61,0,2023-04-30,2023-05-14,2023-05-18,2023-05-26,,,
CAND-01641,,LinkedIn,0.0,0,2022-09-03,2022-09-10,2022-09-14,,,,
CAND-01642,,Agência,5274.95,0,2022-12-31,2023-01-15,2023-01-16,2023-01-25,,,
CAND-01643,,Gupy,342.87,0,2022-05-23,2022-05-25,2022-05-30,2022-06-05,,,
CAND-01644,,Indicação Interna,1676.86,0,2023-09-26,2023-10-08,2023-10-12,,,,
CAND-01645,,Gupy,371.61,0,2023-11-08,2023-11-13,2023-11-16,2023-11-24,,,
CAND-01646,,Agência,0.0,0,2022-11-30,2022-12-12,2022-12-17,2022-12-21,,,
CAND-01647,,Gupy,0.0,0,2023-05-03,2023-05-15,,,,,
CAND-01648,,Indicação Interna,0.0,0,2022-04-13,2022-04-26,2022-05-01,2022-05-06,,,
CAND-01649,,Agência,0.0,0,2023-08-09,2023-08-23,,,,,
CAND-01650,,LinkedIn,0.0,5,2023-06-01,2023-06-03,2023-06-04,2023-06-14,2023-06-19,,
CAND-01651,,Indicação Interna,0.0,4,2023-05-09,2023-05-21,2023-05-23,2023-05-27,2023-06-03,2023-06-06,
CAND-01652,,Site Corporativo,0.0,0,2023-01-28,2023-02-11,2023-02-14,,,,
CAND-01653,,Indicação Interna,1572.79,0,2023-11-18,2023-11-21,2023-11-26,,,,
CAND-01654,,Agência,0.0,0,2023-05-19,2023-05-22,,,,,
CAND-01655,,Indicação Interna,1367.58,0,2022-12-07,2022-12-22,2022-12-27,,,,
CAND-01656,,LinkedIn,0.0,0,2023-09-08,2023-09-11,2023-09-15,,,,
CAND-01657,,LinkedIn,0.0,0,2024-01-13,2024-01-21,2024-01-26,,,,
CAND-01658,,Site Corporativo,0.0,5,2023-03-24,2023-04-07,2023-04-10,2023-04-14,2023-04-18,2023-04-20,
CAND-01659,,Gupy,0.0,0,2022-04-29,2022-05-10,2022-05-13,,,,
CAND-01660,,Agência,6736.77,0,2023-08-14,2023-08-27,2023-08-28,,,,
CAND-01661,,Agência,0.0,0,2022-07-14,2022-07-29,2022-08-02,2022-08-10,,,
CAND-01662,,Gupy,0.0,4,2022-05-10,2022-05-20,2022-05-25,2022-06-03,2022-06-08,2022-06-11,
CAND-01663,,LinkedIn,0.0,0,2022-08-13,2022-08-22,2022-08-24,,,,
CAND-01664,,LinkedIn,0.0,0,2022-05-30,2022-06-12,2022-06-13,,,,
CAND-01665,,Indicação Interna,0.0,0,2022-11-13,2022-11-23,,,,,
CAND-01666,,Site Corporativo,0.0,0,2022-05-07,2022-05-13,,,,,
CAND-01667,,Site Corporativo,141.93,5,2023-12-25,2024-01-05,2024-01-07,2024-01-16,2024-01-20,2024-01-22,
CAND-01668,,Site Corporativo,0.0,0,2024-01-21,2024-02-04,2024-02-05,,,,
CAND-01669,,Indicação Interna,0.0,0,2022-07-03,2022-07-18,2022-07-22,2022-07-27,,,
CAND-01670,,Site Corporativo,133.63,0,2023-07-16,2023-07-24,2023-07-28,,,,
CAND-01671,,Gupy,0.0,0,2023-02-05,2023-02-13,2023-02-16,2023-02-22,,,
CAND-01672,,Indicação Interna,1530.28,0,2023-07-16,2023-07-24,2023-07-27,,,,
CAND-01673,,Gupy,459.73,0,2023-08-18,2023-09-02,,,,,
CAND-01674,,Indicação Interna,0.0,0,2023-12-28,2024-01-03,2024-01-05,,,,
CAND-01675,,Site Corporativo,0.0,0,2023-03-29,2023-04-11,2023-04-13,2023-04-19,,,
CAND-01676,,Gupy,0.0,0,2022-01-10,2022-01-17,,,,,
CAND-01677,,Gupy,458.71,0,2023-08-13,2023-08-16,2023-08-18,2023-08-27,,,
CAND-01678,,Gupy,0.0,4,2022-06-22,2022-06-24,2022-06-28,2022-07-01,2022-07-07,2022-07-12,
CAND-01679,,Indicação Interna,0.0,6,2023-03-21,2023-03-25,2023-03-29,2023-04-02,2023-04-07,2023-04-12,
CAND-01680,,Agência,0.0,0,2022-06-26,2022-07-08,,,,,
CAND-01681,,Site Corporativo,0.0,0,2023-12-10,2023-12-24,2023-12-25,,,,
CAND-01682,,Gupy,454.4,3,2023-10-28,2023-11-05,2023-11-09,2023-11-13,2023-11-15,2023-11-20,
CAND-01683,,Agência,4840.13,0,2022-08-19,2022-08-21,2022-08-26,2022-08-30,,,
CAND-01684,,Site Corporativo,0.0,3,2022-07-05,2022-07-13,2022-07-17,2022-07-22,2022-07-24,2022-07-29,
CAND-01685,,Site Corporativo,0.0,0,2022-07-09,2022-07-17,,,,,
CAND-01686,,Gupy,0.0,0,2022-01-21,2022-01-29,2022-02-03,,,,
CAND-01687,,Gupy,457.59,0,2023-06-27,2023-07-06,2023-07-11,,,,
CAND-01688,,Indicação Interna,0.0,0,2023-10-30,2023-11-02,,,,,
CAND-01689,,Agência,0.0,0,2022-08-01,2022-08-13,,,,,
CAND-01690,,Agência,0.0,0,2022-07-05,2022-07-20,2022-07-22,2022-08-01,,,
CAND-01691,,Gupy,471.55,0,2022-05-06,2022-05-08,2022-05-10,,,,
CAND-01692,,Site Corporativo,0.0,0,2022-03-31,2022-04-10,2022-04-11,2022-04-15,,,
CAND-01693,,Gupy,0.0,0,2023-01-08,2023-01-18,2023-01-19,2023-01-22,,,
CAND-01694,,Site Corporativo,129.94,0,2023-06-16,2023-06-30,2023-07-05,2023-07-15,,,
CAND-01695,,Site Corporativo,0.0,0,2023-06-20,2023-06-27,2023-07-02,2023-07-06,,,
CAND-01696,,Gupy,0.0,0,2022-02-15,2022-02-20,2022-02-22,2022-02-28,,,
CAND-01697,,LinkedIn,0.0,6,2023-09-09,2023-09-19,2023-09-22,2023-10-01,2023-10-05,2023-10-07,
CAND-01698,,Agência,0.0,0,2023-02-14,2023-02-23,2023-02-26,,,,
CAND-01699,,Site Corporativo,176.53,0,2023-12-13,2023-12-17,2023-12-18,,,,
CAND-01700,,Site Corporativo,0.0,0,2022-10-03,2022-10-15,2022-10-17,,,,
CAND-01701,,LinkedIn,0.0,0,2023-08-01,2023-08-13,2023-08-18,,,,
CAND-01702,,Indicação Interna,1775.43,3,2023-03-06,2023-03-21,2023-03-25,2023-03-31,2023-04-02,2023-04-07,
CAND-01703,,LinkedIn,0.0,0,2023-02-21,2023-02-24,2023-02-25,2023-03-05,,,
CAND-01704,,LinkedIn,928.31,0,2022-05-30,2022-06-14,,,,,
CAND-01705,,Site Corporativo,0.0,0,2022-10-08,2022-10-10,2022-10-12,2022-10-16,,,
CAND-01706,,Agência,0.0,0,2022-05-07,2022-05-11,2022-05-14,,,,
CAND-01707,,LinkedIn,0.0,0,2023-05-17,2023-05-20,2023-05-25,,,,
CAND-01708,,Indicação Interna,1762.89,2,2023-07-19,2023-07-25,2023-07-26,2023-08-04,2023-08-11,2023-08-16,
CAND-01709,,Gupy,360.21,0,2023-07-19,2023-07-30,,,,,
CAND-01710,,LinkedIn,0.0,0,2023-02-17,2023-02-26,2023-03-01,2023-03-06,,,
CAND-01711,,LinkedIn,0.0,0,2022-05-27,2022-06-04,2022-06-07,2022-06-15,,,
CAND-01712,,Indicação Interna,0.0,0,2022-09-13,2022-09-25,2022-09-29,2022-10-07,,,
CAND-01713,,Agência,0.0,0,2023-05-30,2023-06-05,2023-06-09,,,,
CAND-01714,,LinkedIn,0.0,0,2024-01-06,2024-01-21,2024-01-22,,,,
CAND-01715,,LinkedIn,771.32,0,2023-02-21,2023-03-07,2023-03-08,,,,
CAND-01716,,Agência,6773.86,4,2022-03-20,2022-04-02,2022-04-03,2022-04-06,2022-04-10,2022-04-14,
CAND-01717,,Indicação Interna,0.0,0,2022-01-11,2022-01-19,2022-01-21,2022-01-25,,,
CAND-01718,,LinkedIn,0.0,0,2023-09-24,2023-09-29,,,,,
CAND-01719,,Agência,0.0,0,2022-01-08,2022-01-21,2022-01-26,,,,
CAND-01720,,LinkedIn,891.62,0,2022-09-08,2022-09-21,2022-09-26,,,,
CAND-01721,,Gupy,0.0,0,2022-02-13,2022-02-24,2022-02-26,,,,
CAND-01722,,Site Corporativo,0.0,0,2023-06-21,2023-06-26,2023-06-29,,,,
CAND-01723,,Gupy,453.49,0,2023-06-11,2023-06-18,,,,,
CAND-01724,,LinkedIn,948.27,0,2023-03-09,2023-03-18,2023-03-21,,,,
CAND-01725,,Indicação Interna,1735.58,0,2022-12-13,2022-12-25,2022-12-30,,,,
CAND-01726,,Site Corporativo,164.38,0,2022-05-01,2022-05-07,2022-05-10,2022-05-13,,,
CAND-01727,,Gupy,0.0,0,2023-08-06,2023-08-14,2023-08-17,,,,
CAND-01728,,Agência,5864.12,0,2023-10-21,2023-10-31,,,,,
CAND-01729,,Indicação Interna,0.0,0,2022-02-06,2022-02-15,,,,,
CAND-01730,,Gupy,0.0,0,2023-05-15,2023-05-17,2023-05-22,2023-05-29,,,
CAND-01731,,Agência,5081.5,0,2022-01-06,2022-01-13,,,,,
CAND-01732,,LinkedIn,0.0,5,2022-07-10,2022-07-18,2022-07-19,2022-07-25,2022-07-31,,
CAND-01733,,Agência,6308.51,0,2023-02-25,2023-02-28,,,,,
CAND-01734,,Gupy,0.0,0,2022-01-08,2022-01-12,,,,,
CAND-01735,,Gupy,0.0,0,2022-09-14,2022-09-19,2022-09-22,2022-10-01,,,
CAND-01736,,LinkedIn,679.96,0,2023-07-04,2023-07-18,2023-07-22,,,,
CAND-01737,,Agência,0.0,5,2023-03-26,2023-03-30,2023-04-03,2023-04-09,2023-04-13,2023-04-17,
CAND-01738,,Agência,0.0,0,2023-03-08,2023-03-21,2023-03-22,2023-03-28,,,
CAND-01739,,LinkedIn,953.28,0,2023-11-13,2023-11-19,2023-11-23,,,,
CAND-01740,,Agência,0.0,0,2023-11-30,2023-12-13,2023-12-17,,,,
CAND-01741,,LinkedIn,0.0,0,2023-02-03,2023-02-07,2023-02-08,,,,
CAND-01742,,Indicação Interna,1792.78,0,2022-05-10,2022-05-14,2022-05-15,,,,
CAND-01743,,Gupy,0.0,0,2022-08-31,2022-09-02,2022-09-05,2022-09-08,,,
CAND-01744,,Indicação Interna,0.0,0,2022-10-24,2022-10-30,2022-11-03,2022-11-08,,,
CAND-01745,,Site Corporativo,147.99,0,2022-07-11,2022-07-16,2022-07-17,,,,
CAND-01746,,Site Corporativo,0.0,0,2023-12-19,2023-12-24,2023-12-28,2024-01-01,,,
CAND-01747,,Site Corporativo,0.0,0,2023-05-30,2023-06-10,2023-06-15,,,,
CAND-01748,,LinkedIn,0.0,0,2022-06-02,2022-06-07,2022-06-11,2022-06-17,,,
CAND-01749,,Agência,0.0,0,2023-03-13,2023-03-15,2023-03-16,,,,
CAND-01750,,Indicação Interna,0.0,0,2023-01-25,2023-02-02,2023-02-04,2023-02-13,,,
CAND-01751,,Indicação Interna,1261.83,5,2023-06-07,2023-06-15,2023-06-18,2023-06-26,2023-06-30,2023-07-02,
CAND-01752,,Indicação Interna,0.0,4,2022-11-24,2022-11-26,2022-11-27,2022-12-05,2022-12-10,2022-12-15,
CAND-01753,,Indicação Interna,0.0,5,2022-04-14,2022-04-22,2022-04-26,2022-05-03,2022-05-10,2022-05-15,
CAND-01754,,Site Corporativo,0.0,0,2022-05-14,2022-05-21,2022-05-24,,,,
CAND-01755,,Indicação Interna,0.0,0,2023-08-27,2023-09-06,2023-09-08,,,,
CAND-01756,,Agência,0.0,5,2022-08-04,2022-08-15,2022-08-16,2022-08-20,2022-08-27,,
CAND-01757,,Site Corporativo,0.0,0,2022-07-17,2022-07-30,2022-07-31,2022-08-08,,,
CAND-01758,,Indicação Interna,0.0,0,2023-05-01,2023-05-15,2023-05-17,2023-05-23,,,
CAND-01759,,LinkedIn,0.0,0,2023-12-30,2024-01-05,,,,,
CAND-01760,,Gupy,0.0,0,2023-07-28,2023-08-04,,,,,
CAND-01761,,Gupy,0.0,0,2023-04-05,2023-04-17,,,,,
CAND-01762,,Gupy,0.0,0,2023-03-23,2023-03-26,2023-03-31,,,,
CAND-01763,,Site Corporativo,163.44,5,2023-05-31,2023-06-14,2023-06-19,2023-06-24,2023-06-30,2023-07-02,
CAND-01764,,Indicação Interna,1351.0,0,2023-02-12,2023-02-21,2023-02-26,,,,
CAND-01765,,Site Corporativo,0.0,0,2022-06-19,2022-06-28,,,,,
CAND-01766,,Agência,0.0,0,2023-01-29,2023-02-08,,,,,
CAND-01767,,LinkedIn,0.0,0,2023-02-15,2023-02-26,2023-02-28,2023-03-06,,,
CAND-01768,,LinkedIn,0.0,0,2022-01-10,2022-01-24,2022-01-29,,,,
CAND-01769,,Gupy,336.18,0,2023-06-22,2023-06-28,2023-06-30,2023-07-07,,,
CAND-01770,,Gupy,0.0,0,2022-06-25,2022-06-30,2022-07-02,2022-07-07,,,
CAND-01771,,Gupy,399.2,0,2022-10-12,2022-10-16,2022-10-17,,,,
CAND-01772,,Indicação Interna,0.0,0,2022-09-12,2022-09-27,2022-09-28,2022-10-06,,,
CAND-01773,,Agência,0.0,0,2023-01-13,2023-01-20,2023-01-25,2023-01-30,,,
CAND-01774,,Agência,6674.21,0,2023-09-19,2023-09-25,2023-09-26,,,,
CAND-01775,,Agência,0.0,0,2022-01-11,2022-01-26,2022-01-29,2022-02-01,,,
CAND-01776,,Agência,0.0,0,2023-08-21,2023-08-24,,,,,
CAND-01777,,Gupy,0.0,0,2023-12-06,2023-12-14,,,,,
CAND-01778,,LinkedIn,0.0,0,2022-09-21,2022-10-06,2022-10-11,,,,
CAND-01779,,Gupy,0.0,0,2023-03-29,2023-04-03,2023-04-05,,,,
CAND-01780,,Agência,0.0,5,2023-02-09,2023-02-13,2023-02-17,2023-02-27,2023-03-02,2023-03-04,
CAND-01781,,Gupy,0.0,0,2022-07-13,2022-07-24,2022-07-26,,,,
CAND-01782,,Agência,0.0,0,2022-01-22,2022-01-28,2022-01-30,,,,
CAND-01783,,Site Corporativo,0.0,0,2023-12-05,2023-12-16,2023-12-18,2023-12-24,,,
CAND-01784,,LinkedIn,0.0,0,2023-10-23,2023-10-31,2023-11-05,2023-11-08,,,
CAND-01785,,Site Corporativo,0.0,0,2023-01-22,2023-01-30,2023-01-31,,,,
CAND-01786,,Indicação Interna,0.0,0,2023-10-22,2023-10-24,2023-10-25,2023-10-28,,,
CAND-01787,,Gupy,442.24,0,2022-01-10,2022-01-24,2022-01-27,,,,
CAND-01788,,Indicação Interna,0.0,0,2022-03-29,2022-04-03,2022-04-08,,,,
CAND-01789,,Gupy,0.0,0,2022-06-17,2022-06-23,2022-06-25,2022-07-02,,,
CAND-01790,,Site Corporativo,0.0,0,2022-05-07,2022-05-09,,,,,
CAND-01791,,Agência,0.0,0,2022-04-16,2022-04-26,2022-05-01,,,,
CAND-01792,,Agência,0.0,0,2023-03-02,2023-03-06,2023-03-08,2023-03-17,,,
CAND-01793,,Gupy,0.0,0,2022-12-28,2023-01-09,2023-01-13,,,,
CAND-01794,,Agência,0.0,0,2024-01-03,2024-01-18,,,,,
CAND-01795,,Site Corporativo,0.0,0,2023-05-19,2023-05-23,,,,,
CAND-01796,,Agência,0.0,0,2022-08-18,2022-08-21,,,,,
CAND-01797,,Site Corporativo,0.0,0,2022-10-16,2022-10-23,2022-10-26,2022-10-30,,,
CAND-01798,,Indicação Interna,0.0,0,2023-09-12,2023-09-16,2023-09-21,2023-09-26,,,
CAND-01799,,Site Corporativo,0.0,0,2022-06-03,2022-06-15,2022-06-20,,,,
CAND-01800,,LinkedIn,0.0,0,2022-12-23,2022-12-26,2022-12-30,,,,
CAND-01801,,LinkedIn,0.0,0,2022-09-29,2022-10-13,,,,,
CAND-01802,,LinkedIn,0.0,0,2022-03-20,2022-04-03,2022-04-05,,,,
CAND-01803,,Gupy,0.0,0,2022-05-31,2022-06-07,2022-06-11,,,,
CAND-01804,,Gupy,410.71,3,2023-05-05,2023-05-20,2023-05-25,2023-06-01,2023-06-05,,
CAND-01805,,Gupy,471.35,0,2022-07-06,2022-07-20,2022-07-23,2022-08-02,,,
CAND-01806,,Site Corporativo,175.24,0,2023-02-28,2023-03-11,,,,,
CAND-01807,,Gupy,0.0,0,2022-12-08,2022-12-12,,,,,
CAND-01808,,Indicação Interna,0.0,0,2023-11-01,2023-11-06,2023-11-11,2023-11-21,,,
CAND-01809,,LinkedIn,0.0,0,2022-08-24,2022-09-01,2022-09-05,,,,
CAND-01810,,Site Corporativo,169.1,0,2023-12-12,2023-12-26,,,,,
CAND-01811,,LinkedIn,0.0,0,2023-12-21,2023-12-24,2023-12-25,2023-12-28,,,
CAND-01812,,Gupy,0.0,0,2023-05-01,2023-05-05,,,,,
CAND-01813,,Site Corporativo,146.76,0,2022-03-03,2022-03-10,2022-03-12,2022-03-17,,,
CAND-01814,,Agência,5899.69,3,2023-07-19,2023-07-27,2023-07-29,2023-08-03,2023-08-10,2023-08-14,
CAND-01815,,Indicação Interna,0.0,0,2024-01-21,2024-01-23,2024-01-27,2024-01-31,,,
CAND-01816,,Gupy,446.98,0,2022-03-17,2022-03-26,,,,,
CAND-01817,,Gupy,443.33,5,2022-06-11,2022-06-13,2022-06-15,2022-06-19,2022-06-24,2022-06-26,
CAND-01818,,Indicação Interna,0.0,0,2023-04-27,2023-05-10,2023-05-15,,,,
CAND-01819,,Indicação Interna,0.0,5,2022-11-03,2022-11-12,2022-11-15,2022-11-18,2022-11-21,2022-11-22,
CAND-01820,,Agência,0.0,0,2023-09-11,2023-09-25,2023-09-27,2023-10-06,,,
CAND-01821,,Gupy,0.0,0,2023-04-11,2023-04-21,,,,,
CAND-01822,,Gupy,0.0,2,2022-09-22,2022-10-03,2022-10-05,2022-10-10,2022-10-12,2022-10-14,
CAND-01823,,LinkedIn,0.0,0,2022-08-05,2022-08-13,2022-08-15,2022-08-19,,,
CAND-01824,,Site Corporativo,0.0,0,2023-04-25,2023-05-04,2023-05-08,,,,
CAND-01825,,Site Corporativo,0.0,0,2022-06-18,2022-06-20,,,,,
CAND-01826,,LinkedIn,0.0,0,2023-10-25,2023-11-02,2023-11-03,2023-11-11,,,
CAND-01827,,Site Corporativo,0.0,0,2022-12-10,2022-12-12,2022-12-14,,,,
CAND-01828,,Indicação Interna,0.0,0,2022-03-08,2022-03-13,2022-03-16,2022-03-22,,,
CAND-01829,,Site Corporativo,169.72,0,2022-02-03,2022-02-08,2022-02-13,,,,
CAND-01830,,Site Corporativo,163.32,3,2023-08-01,2023-08-15,2023-08-16,2023-08-23,2023-08-27,2023-08-31,
CAND-01831,,LinkedIn,0.0,0,2023-05-28,2023-06-02,2023-06-06,,,,
CAND-01832,,Agência,0.0,0,2022-05-13,2022-05-26,2022-05-29,2022-06-02,,,
CAND-01833,,Site Corporativo,0.0,4,2022-06-03,2022-06-05,2022-06-09,2022-06-12,2022-06-15,2022-06-16,
CAND-01834,,Site Corporativo,142.96,0,2023-10-03,2023-10-06,,,,,
CAND-01835,,Agência,6497.75,0,2022-08-26,2022-08-31,,,,,
CAND-01836,,LinkedIn,0.0,0,2023-11-01,2023-11-05,,,,,
CAND-01837,,Agência,0.0,0,2022-06-14,2022-06-24,2022-06-29,,,,
CAND-01838,,LinkedIn,0.0,0,2022-12-16,2022-12-25,,,,,
CAND-01839,,Indicação Interna,0.0,5,2022-12-14,2022-12-20,2022-12-24,2023-01-02,2023-01-08,2023-01-10,
CAND-01840,,LinkedIn,0.0,0,2023-08-04,2023-08-16,,,,,
CAND-01841,,Indicação Interna,0.0,0,2022-04-10,2022-04-24,2022-04-27,,,,
CAND-01842,,Indicação Interna,1549.11,3,2022-03-31,2022-04-09,2022-04-12,2022-04-19,2022-04-23,2022-04-26,
CAND-01843,,LinkedIn,0.0,0,2022-04-02,2022-04-05,2022-04-09,2022-04-19,,,
CAND-01844,,Gupy,0.0,0,2023-03-29,2023-04-10,,,,,
CAND-01845,,LinkedIn,0.0,0,2022-05-07,2022-05-18,2022-05-21,,,,
CAND-01846,,Site Corporativo,0.0,0,2023-02-15,2023-02-23,,,,,
CAND-01847,,Site Corporativo,0.0,0,2023-11-28,2023-12-02,2023-12-07,,,,
CAND-01848,,Gupy,0.0,0,2022-11-18,2022-11-25,2022-11-29,,,,
CAND-01849,,Indicação Interna,0.0,0,2022-09-27,2022-10-09,2022-10-10,,,,
CAND-01850,,Gupy,334.49,0,2022-09-08,2022-09-21,,,,,
CAND-01851,,Site Corporativo,0.0,0,2022-01-09,2022-01-13,,,,,
CAND-01852,,Gupy,0.0,0,2022-10-25,2022-11-02,2022-11-06,,,,
CAND-01853,,LinkedIn,0.0,0,2022-08-17,2022-08-25,,,,,
CAND-01854,,Gupy,434.54,0,2023-11-17,2023-11-20,2023-11-24,,,,
CAND-01855,,Indicação Interna,0.0,0,2023-04-22,2023-04-25,2023-04-26,,,,
CAND-01856,,LinkedIn,0.0,0,2023-02-11,2023-02-25,2023-03-01,2023-03-09,,,
CAND-01857,,Agência,0.0,5,2023-09-11,2023-09-20,2023-09-24,2023-10-04,2023-10-07,,
CAND-01858,,Site Corporativo,177.36,4,2022-05-30,2022-06-11,2022-06-16,2022-06-25,2022-06-29,2022-07-03,
CAND-01859,,Site Corporativo,0.0,0,2022-08-07,2022-08-09,2022-08-10,,,,
CAND-01860,,Gupy,0.0,2,2023-12-02,2023-12-10,2023-12-12,2023-12-16,2023-12-18,2023-12-22,
CAND-01861,,LinkedIn,822.43,5,2023-03-06,2023-03-16,2023-03-19,2023-03-22,2023-03-27,2023-03-30,
CAND-01862,,Agência,7198.65,0,2022-06-18,2022-06-23,2022-06-27,2022-07-02,,,
CAND-01863,,LinkedIn,0.0,0,2023-03-24,2023-03-31,,,,,
CAND-01864,,Site Corporativo,152.88,0,2023-08-08,2023-08-16,,,,,
CAND-01865,,LinkedIn,0.0,0,2023-07-29,2023-08-12,,,,,
CAND-01866,,Agência,5986.78,0,2022-07-23,2022-07-26,,,,,
CAND-01867,,Gupy,0.0,0,2023-08-16,2023-08-27,2023-08-30,2023-09-09,,,
CAND-01868,,Indicação Interna,0.0,0,2023-05-27,2023-06-11,2023-06-15,2023-06-18,,,
CAND-01869,,LinkedIn,712.27,0,2022-05-09,2022-05-21,2022-05-26,2022-06-01,,,
CAND-01870,,Indicação Interna,0.0,0,2022-07-12,2022-07-20,2022-07-22,,,,
CAND-01871,,Site Corporativo,120.75,0,2022-08-10,2022-08-17,2022-08-19,,,,
CAND-01872,,Gupy,323.32,0,2023-08-14,2023-08-16,2023-08-19,2023-08-26,,,
CAND-01873,,Gupy,0.0,0,2022-05-08,2022-05-21,2022-05-25,2022-06-02,,,
CAND-01874,,LinkedIn,0.0,0,2023-07-10,2023-07-18,2023-07-21,2023-07-26,,,
CAND-01875,,Gupy,0.0,0,2023-01-18,2023-01-22,2023-01-24,,,,
CAND-01876,,LinkedIn,0.0,0,2023-01-26,2023-02-01,,,,,
CAND-01877,,LinkedIn,0.0,0,2023-12-07,2023-12-19,2023-12-22,,,,
CAND-01878,,Indicação Interna,0.0,0,2022-04-12,2022-04-15,,,,,
CAND-01879,,Gupy,0.0,0,2022-04-17,2022-04-20,2022-04-25,,,,
CAND-01880,,LinkedIn,0.0,0,2022-04-17,2022-04-26,,,,,
CAND-01881,,Indicação Interna,0.0,0,2023-10-01,2023-10-11,2023-10-15,,,,
CAND-01882,,Agência,0.0,0,2022-02-03,2022-02-15,2022-02-19,2022-03-01,,,
CAND-01883,,Indicação Interna,0.0,0,2022-04-28,2022-05-03,,,,,
CAND-01884,,Indicação Interna,0.0,0,2022-05-08,2022-05-15,,,,,
CAND-01885,,LinkedIn,0.0,0,2023-04-21,2023-04-29,,,,,
CAND-01886,,Site Corporativo,0.0,0,2023-10-23,2023-11-05,,,,,
CAND-01887,,Site Corporativo,0.0,0,2023-02-10,2023-02-12,,,,,
CAND-01888,,Site Corporativo,142.21,0,2022-08-18,2022-08-28,2022-08-31,2022-09-09,,,
CAND-01889,,Indicação Interna,0.0,0,2022-01-05,2022-01-13,2022-01-14,2022-01-22,,,
CAND-01890,,LinkedIn,0.0,0,2023-06-16,2023-07-01,,,,,
CAND-01891,,Gupy,0.0,0,2022-11-22,2022-11-29,2022-12-04,,,,
CAND-01892,,Indicação Interna,0.0,0,2022-09-05,2022-09-15,,,,,
CAND-01893,,Indicação Interna,0.0,0,2022-07-17,2022-07-28,2022-07-29,,,,
CAND-01894,,LinkedIn,915.18,0,2023-08-15,2023-08-23,2023-08-27,,,,
CAND-01895,,Agência,0.0,0,2022-06-27,2022-07-05,,,,,
CAND-01896,,Indicação Interna,1522.97,0,2023-06-14,2023-06-18,2023-06-19,,,,
CAND-01897,,Agência,7154.43,0,2022-05-10,2022-05-20,2022-05-25,,,,
CAND-01898,,Agência,0.0,0,2023-10-05,2023-10-11,,,,,
CAND-01899,,Site Corporativo,0.0,0,2022-06-12,2022-06-19,2022-06-20,2022-06-23,,,
CAND-01900,,LinkedIn,0.0,0,2023-08-31,2023-09-04,2023-09-09,,,,
CAND-01901,,Agência,0.0,0,2022-03-22,2022-04-02,2022-04-04,,,,
CAND-01902,,LinkedIn,0.0,0,2023-10-12,2023-10-24,,,,,
CAND-01903,,Site Corporativo,0.0,0,2022-07-11,2022-07-16,2022-07-18,2022-07-24,,,
CAND-01904,,LinkedIn,0.0,0,2023-01-23,2023-02-06,2023-02-07,2023-02-12,,,
CAND-01905,,Indicação Interna,0.0,0,2023-10-16,2023-10-27,,,,,
CAND-01906,,Agência,0.0,0,2022-04-24,2022-05-03,,,,,
CAND-01907,,LinkedIn,0.0,0,2022-05-06,2022-05-09,2022-05-12,,,,
CAND-01908,,Gupy,0.0,0,2022-04-06,2022-04-09,2022-04-12,,,,
CAND-01909,,LinkedIn,0.0,0,2022-08-01,2022-08-09,2022-08-10,2022-08-20,,,
CAND-01910,,Agência,0.0,0,2022-03-20,2022-03-25,2022-03-29,,,,
CAND-01911,,Site Corporativo,157.13,0,2023-10-11,2023-10-20,,,,,
CAND-01912,,Site Corporativo,0.0,0,2022-07-04,2022-07-10,2022-07-12,,,,
CAND-01913,,Agência,0.0,0,2023-10-09,2023-10-20,,,,,
CAND-01914,,Indicação Interna,0.0,0,2022-05-01,2022-05-08,,,,,
CAND-01915,,Indicação Interna,1535.98,0,2023-05-11,2023-05-22,2023-05-23,2023-05-30,,,
CAND-01916,,Site Corporativo,0.0,0,2022-07-17,2022-07-28,2022-07-29,,,,
CAND-01917,,Site Corporativo,140.86,0,2022-06-06,2022-06-11,,,,,
CAND-01918,,Agência,0.0,3,2022-04-28,2022-05-03,2022-05-05,2022-05-10,2022-05-15,2022-05-16,
CAND-01919,,Indicação Interna,1609.2,0,2022-12-23,2023-01-05,2023-01-08,2023-01-18,,,
CAND-01920,,Site Corporativo,163.13,0,2023-02-14,2023-02-19,2023-02-21,,,,
CAND-01921,,Indicação Interna,0.0,0,2024-01-05,2024-01-11,,,,,
CAND-01922,,Site Corporativo,0.0,0,2022-04-16,2022-04-27,,,,,
CAND-01923,,LinkedIn,0.0,0,2023-08-25,2023-08-31,2023-09-02,,,,
CAND-01924,,Gupy,0.0,0,2023-05-15,2023-05-23,,,,,
CAND-01925,,LinkedIn,0.0,0,2023-03-10,2023-03-21,,,,,
CAND-01926,,Site Corporativo,0.0,0,2022-11-23,2022-12-04,2022-12-08,2022-12-16,,,
CAND-01927,,Gupy,0.0,0,2023-10-10,2023-10-25,2023-10-27,,,,
CAND-01928,,Gupy,0.0,0,2023-06-08,2023-06-14,2023-06-17,,,,
CAND-01929,,Site Corporativo,147.13,0,2023-10-23,2023-11-02,2023-11-03,2023-11-11,,,
CAND-01930,,Site Corporativo,0.0,0,2022-07-10,2022-07-17,2022-07-19,,,,
CAND-01931,,Indicação Interna,0.0,0,2023-01-16,2023-01-20,,,,,
CAND-01932,,Site Corporativo,0.0,0,2022-05-06,2022-05-08,2022-05-09,,,,
CAND-01933,,Agência,0.0,0,2022-08-07,2022-08-16,2022-08-19,,,,
CAND-01934,,Site Corporativo,0.0,3,2023-07-30,2023-08-02,2023-08-07,2023-08-13,2023-08-17,2023-08-18,
CAND-01935,,Agência,0.0,6,2023-08-11,2023-08-23,2023-08-27,2023-09-04,2023-09-06,,
CAND-01936,,Site Corporativo,152.38,0,2023-05-26,2023-05-28,,,,,
CAND-01937,,Indicação Interna,0.0,0,2023-03-08,2023-03-11,2023-03-13,,,,
CAND-01938,,Agência,0.0,0,2023-08-29,2023-09-06,2023-09-07,2023-09-10,,,
CAND-01939,,LinkedIn,835.07,0,2022-10-19,2022-10-23,,,,,
CAND-01940,,Agência,0.0,0,2023-02-17,2023-02-19,,,,,
CAND-01941,,Indicação Interna,0.0,0,2023-06-25,2023-06-27,2023-06-28,2023-07-02,,,
CAND-01942,,Agência,7145.65,0,2023-03-02,2023-03-15,2023-03-18,,,,
CAND-01943,,Site Corporativo,0.0,0,2023-02-14,2023-02-17,2023-02-20,2023-02-23,,,
CAND-01944,,Site Corporativo,0.0,0,2023-12-15,2023-12-24,2023-12-25,,,,
CAND-01945,,Indicação Interna,0.0,0,2023-09-25,2023-09-28,2023-09-29,,,,
CAND-01946,,Gupy,0.0,0,2022-05-23,2022-05-26,,,,,
CAND-01947,,Site Corporativo,156.09,0,2023-12-06,2023-12-19,2023-12-21,2023-12-29,,,
CAND-01948,,LinkedIn,0.0,0,2023-07-05,2023-07-07,,,,,
CAND-01949,,Indicação Interna,1308.74,0,2022-02-23,2022-03-01,,,,,
CAND-01950,,Agência,0.0,0,2022-02-14,2022-02-17,2022-02-20,2022-02-28,,,
CAND-01951,,Agência,0.0,0,2023-01-24,2023-01-30,2023-02-01,,,,
CAND-01952,,LinkedIn,668.51,0,2022-05-03,2022-05-07,2022-05-09,,,,
CAND-01953,,Site Corporativo,0.0,0,2023-02-28,2023-03-12,2023-03-13,,,,
CAND-01954,,Indicação Interna,0.0,0,2022-09-04,2022-09-15,2022-09-19,,,,
CAND-01955,,LinkedIn,0.0,0,2022-11-26,2022-12-10,,,,,
CAND-01956,,Site Corporativo,0.0,0,2022-08-20,2022-08-23,2022-08-26,,,,
CAND-01957,,Indicação Interna,0.0,0,2022-12-28,2023-01-07,,,,,
CAND-01958,,Agência,0.0,0,2022-09-06,2022-09-18,2022-09-20,,,,
CAND-01959,,Indicação Interna,1405.98,0,2022-03-18,2022-03-27,2022-03-28,,,,
CAND-01960,,Gupy,376.83,0,2023-04-25,2023-05-10,2023-05-14,2023-05-20,,,
CAND-01961,,Indicação Interna,0.0,0,2023-06-25,2023-07-05,,,,,
CAND-01962,,Gupy,0.0,0,2022-11-16,2022-11-29,2022-12-01,,,,
CAND-01963,,Indicação Interna,0.0,0,2022-04-19,2022-04-23,2022-04-26,2022-05-06,,,
CAND-01964,,Gupy,384.23,0,2023-06-10,2023-06-15,,,,,
CAND-01965,,Agência,7165.53,0,2022-07-12,2022-07-15,2022-07-17,,,,
CAND-01966,,Site Corporativo,0.0,0,2023-08-15,2023-08-27,2023-08-31,,,,
CAND-01967,,Gupy,0.0,0,2022-04-23,2022-04-28,2022-05-02,2022-05-05,,,
CAND-01968,,Gupy,0.0,0,2023-06-28,2023-07-07,2023-07-08,,,,
CAND-01969,,Agência,0.0,0,2022-03-28,2022-04-04,2022-04-06,2022-04-15,,,
CAND-01970,,Gupy,416.99,0,2022-02-24,2022-03-05,2022-03-06,2022-03-15,,,
CAND-01971,,LinkedIn,0.0,0,2023-03-09,2023-03-14,2023-03-18,2023-03-25,,,
CAND-01972,,Agência,5695.55,0,2023-05-21,2023-05-31,2023-06-01,,,,
CAND-01973,,LinkedIn,948.35,0,2022-04-24,2022-04-29,2022-04-30,,,,
CAND-01974,,Agência,0.0,0,2022-09-02,2022-09-05,2022-09-08,2022-09-17,,,
CAND-01975,,Gupy,381.56,0,2022-04-14,2022-04-19,,,,,
CAND-01976,,LinkedIn,929.65,0,2023-12-10,2023-12-16,2023-12-18,,,,
CAND-01977,,Gupy,0.0,3,2022-12-22,2023-01-03,2023-01-08,2023-01-11,2023-01-17,,
CAND-01978,,Agência,0.0,0,2023-09-30,2023-10-09,,,,,
CAND-01979,,Gupy,0.0,0,2023-12-06,2023-12-11,2023-12-12,2023-12-20,,,
CAND-01980,,LinkedIn,838.68,0,2022-05-26,2022-05-28,2022-06-01,2022-06-06,,,
CAND-01981,,LinkedIn,709.88,0,2022-03-20,2022-03-24,2022-03-25,,,,
CAND-01982,,Gupy,0.0,0,2023-05-01,2023-05-12,2023-05-14,2023-05-17,,,
CAND-01983,,Indicação Interna,0.0,0,2023-08-04,2023-08-16,,,,,
CAND-01984,,Agência,0.0,0,2022-08-22,2022-09-01,2022-09-03,,,,
CAND-01985,,Agência,0.0,0,2022-04-13,2022-04-19,,,,,
CAND-01986,,Gupy,0.0,0,2022-12-10,2022-12-19,2022-12-22,,,,
CAND-01987,,Indicação Interna,0.0,0,2022-09-21,2022-10-03,2022-10-06,2022-10-14,,,
CAND-01988,,LinkedIn,0.0,0,2022-12-08,2022-12-18,,,,,
CAND-01989,,Site Corporativo,0.0,0,2023-09-03,2023-09-12,2023-09-17,,,,
CAND-01990,,Site Corporativo,128.93,0,2022-01-22,2022-01-26,,,,,
CAND-01991,,Gupy,0.0,0,2022-08-14,2022-08-26,,,,,
CAND-01992,,Indicação Interna,1223.26,0,2023-01-01,2023-01-10,2023-01-15,,,,
CAND-01993,,Indicação Interna,0.0,0,2023-03-18,2023-03-25,2023-03-26,2023-04-04,,,
CAND-01994,,Agência,0.0,0,2022-10-08,2022-10-20,2022-10-24,,,,
CAND-01995,,LinkedIn,0.0,0,2023-06-24,2023-06-28,2023-07-01,,,,
CAND-01996,,Indicação Interna,0.0,0,2023-02-05,2023-02-16,2023-02-19,2023-02-22,,,
CAND-01997,,Site Corporativo,0.0,0,2023-12-20,2023-12-27,,,,,
CAND-01998,,LinkedIn,751.7,0,2022-05-06,2022-05-14,,,,,
CAND-01999,,LinkedIn,805.92,0,2023-08-04,2023-08-18,,,,,
CAND-02000,,Gupy,0.0,0,2022-10-23,2022-10-26,,,,,
